file,reached_goal_full,reached_goal_none,nodes_expanded_full,nodes_expanded_none,best_path_len_full,best_path_len_none,runtime_sec_full,runtime_sec_none
map_data_1.npz,0.0,0.0,91.0,124.0,57.0,41.0,29.03722189799737,24.342175917699933
map_data_100.npz,0.0,0.0,1.0,1.0,1.0,1.0,27.39235621900116,24.131760880351067
map_data_1000.npz,0.0,0.0,7.0,6.0,9.0,9.0,28.75584681199689,24.81523425411433
map_data_103.npz,0.0,0.0,3.0,3.0,9.0,9.0,28.62008022900045,24.104203706607223
map_data_104.npz,0.0,0.0,106.0,124.0,33.0,33.0,27.417533434998404,24.819366114214063
map_data_105.npz,0.0,0.0,2.0,2.0,9.0,9.0,24.23091217699948,24.19874099828303
map_data_106.npz,0.0,0.0,1.0,1.0,1.0,1.0,23.780378839999685,24.07380323391408
map_data_107.npz,0.0,0.0,268.0,342.0,41.0,73.0,28.50480578000133,24.324030031450093
map_data_108.npz,0.0,0.0,21.0,16.0,9.0,9.0,23.60780895700009,25.87922465242445
map_data_109.npz,0.0,0.0,2.0,3.0,9.0,9.0,29.180429339998227,23.986503547988832
map_data_11.npz,0.0,0.0,29.0,33.0,9.0,9.0,29.13002574100028,24.03080652281642
map_data_110.npz,0.0,0.0,137.0,213.0,25.0,73.0,23.522513908999827,23.626055132597685
map_data_111.npz,0.0,0.0,247.0,209.0,81.0,49.0,29.13595436200194,24.11035576276481
map_data_112.npz,0.0,0.0,4.0,3.0,9.0,9.0,23.584969270999864,24.025475448928773
map_data_113.npz,0.0,0.0,145.0,65.0,33.0,49.0,28.50883444899955,23.83808165416121
map_data_114.npz,0.0,0.0,1.0,1.0,1.0,1.0,27.19032763299947,24.005332968197763
map_data_115.npz,0.0,0.0,1.0,1.0,1.0,1.0,28.833044118000544,24.256403396837413
map_data_116.npz,0.0,0.0,219.0,71.0,65.0,33.0,28.54869841999971,24.53274069912732
map_data_117.npz,0.0,0.0,102.0,103.0,41.0,49.0,29.335707207999803,24.0211319103837
map_data_118.npz,0.0,1.0,267.0,103.0,49.0,65.0,29.24393461499858,7.1222391072660685
map_data_119.npz,0.0,0.0,290.0,104.0,81.0,33.0,26.607030592998854,23.819758851081133
map_data_12.npz,0.0,0.0,326.0,415.0,65.0,65.0,29.028665647998423,24.005604210309684
map_data_120.npz,0.0,0.0,97.0,151.0,17.0,65.0,29.085095659000217,24.2590765375644
map_data_121.npz,0.0,0.0,1.0,1.0,1.0,1.0,28.57620609199876,23.970870380289853
map_data_122.npz,0.0,0.0,254.0,224.0,41.0,57.0,28.712479996000184,24.214566458016638
map_data_123.npz,1.0,1.0,83.0,59.0,57.0,57.0,7.219049259001622,3.1797145511955023
map_data_124.npz,1.0,1.0,230.0,132.0,65.0,65.0,22.233707732000767,14.08090313244611
map_data_125.npz,0.0,0.0,169.0,129.0,41.0,41.0,28.617004738000105,24.130908985622227
map_data_127.npz,0.0,0.0,64.0,225.0,25.0,65.0,27.40766879700095,24.28426008671522
map_data_129.npz,0.0,0.0,78.0,5.0,25.0,25.0,29.06023092300165,24.815272494219244
map_data_13.npz,0.0,0.0,155.0,3.0,17.0,9.0,28.40641511300055,24.4230821961537
map_data_130.npz,0.0,0.0,34.0,31.0,17.0,17.0,28.482610385000957,24.43883139546961
map_data_131.npz,0.0,0.0,1.0,1.0,1.0,1.0,23.700756614000056,23.44577729701996
map_data_132.npz,0.0,0.0,1.0,1.0,1.0,1.0,29.29848111299907,24.01821507420391
map_data_133.npz,0.0,0.0,207.0,201.0,49.0,41.0,28.01955655100028,24.34536668099463
map_data_134.npz,0.0,0.0,321.0,204.0,65.0,25.0,28.552936374002456,24.157818322069943
map_data_135.npz,0.0,0.0,249.0,251.0,57.0,57.0,24.81766079499903,24.29566473234445
map_data_136.npz,0.0,0.0,133.0,51.0,49.0,25.0,28.503600302999985,24.00185809377581
map_data_137.npz,0.0,0.0,1.0,1.0,1.0,1.0,29.13422281900057,24.56239322759211
map_data_138.npz,0.0,0.0,35.0,29.0,9.0,9.0,28.4303050799972,24.95351713337004
map_data_139.npz,0.0,0.0,1.0,1.0,1.0,1.0,29.13940620500034,24.204913488589227
map_data_14.npz,0.0,0.0,341.0,414.0,65.0,73.0,29.52177753500109,23.796270492486656
map_data_140.npz,0.0,0.0,365.0,368.0,73.0,65.0,28.26978147099908,24.569185664877292
map_data_141.npz,0.0,0.0,32.0,200.0,17.0,73.0,28.83390779799811,23.77111002523452
map_data_142.npz,0.0,0.0,108.0,62.0,73.0,41.0,23.9566417570004,23.842653923667967
map_data_143.npz,0.0,0.0,44.0,90.0,25.0,25.0,28.48723960899952,24.550719738006592
map_data_144.npz,0.0,0.0,1.0,1.0,1.0,1.0,28.75002749099804,24.83219525963068
map_data_145.npz,0.0,0.0,110.0,356.0,33.0,73.0,28.493677965001552,24.250318347476423
map_data_146.npz,0.0,0.0,44.0,25.0,41.0,17.0,28.19623386600142,23.973138973116875
map_data_147.npz,0.0,0.0,112.0,47.0,33.0,33.0,27.49308710100013,24.437324093654752
map_data_148.npz,0.0,0.0,404.0,418.0,81.0,73.0,28.565234058001806,24.70999370701611
map_data_149.npz,0.0,0.0,20.0,30.0,17.0,17.0,23.434160199999496,23.861245965585116
map_data_15.npz,0.0,0.0,1.0,2.0,1.0,9.0,29.056640457001777,24.383115651085973
map_data_150.npz,0.0,0.0,31.0,31.0,9.0,9.0,27.98760635200233,24.27863865531981
map_data_151.npz,0.0,0.0,1.0,1.0,1.0,1.0,28.85788086100001,24.64534493163228
map_data_152.npz,0.0,0.0,43.0,92.0,25.0,25.0,27.50409930599926,24.80207499768585
map_data_153.npz,0.0,0.0,2.0,2.0,9.0,9.0,29.158263512001213,24.38290335144848
map_data_154.npz,0.0,0.0,1.0,1.0,1.0,1.0,27.37596604099963,24.37552212458104
map_data_155.npz,0.0,0.0,99.0,37.0,25.0,25.0,29.311076670001057,23.87264013383537
map_data_156.npz,0.0,0.0,4.0,2.0,17.0,9.0,28.486699787999896,24.43665261566639
map_data_157.npz,0.0,0.0,1.0,1.0,1.0,1.0,28.47640649800087,25.02402015775442
map_data_158.npz,0.0,0.0,1.0,1.0,1.0,1.0,29.625104079001176,24.169455469585955
map_data_159.npz,0.0,0.0,109.0,102.0,17.0,17.0,28.484058865000407,24.00934679247439
map_data_16.npz,0.0,0.0,2.0,3.0,9.0,9.0,28.525164670001686,24.546897164545957
map_data_160.npz,0.0,0.0,1.0,1.0,1.0,1.0,29.05769288300144,24.825895375572145
map_data_161.npz,0.0,0.0,269.0,107.0,49.0,41.0,28.967970959001832,23.85510156769305
map_data_162.npz,0.0,0.0,231.0,300.0,65.0,57.0,27.466466010999284,24.487675194628537
map_data_163.npz,0.0,0.0,39.0,37.0,17.0,17.0,29.35338918100024,24.32463384140283
map_data_164.npz,0.0,0.0,28.0,29.0,9.0,9.0,23.64807451300112,24.123418126255277
map_data_165.npz,0.0,0.0,1.0,1.0,1.0,1.0,24.39006188399981,28.72516698297113
map_data_166.npz,0.0,0.0,191.0,118.0,57.0,17.0,29.458935638000185,24.601269030943516
map_data_167.npz,0.0,0.0,1.0,112.0,1.0,41.0,23.79789690300004,23.495709100738168
map_data_168.npz,0.0,0.0,225.0,200.0,41.0,33.0,24.18114505199992,29.318225137889385
map_data_169.npz,0.0,0.0,1.0,1.0,1.0,1.0,28.39380463100315,23.875742950476702
map_data_17.npz,0.0,0.0,159.0,149.0,73.0,49.0,28.470617846000096,24.404590147547424
map_data_170.npz,0.0,0.0,121.0,95.0,33.0,25.0,28.419972619001783,24.206952618435025
map_data_171.npz,0.0,0.0,5.0,2.0,9.0,9.0,29.076124823997816,23.813912831246853
map_data_172.npz,0.0,0.0,287.0,12.0,65.0,17.0,28.70240369000021,24.65261485241353
map_data_173.npz,0.0,0.0,334.0,386.0,65.0,81.0,29.23845191000146,23.987649153918028
map_data_174.npz,0.0,0.0,1.0,1.0,1.0,1.0,27.99076880800203,24.49899467173964
map_data_175.npz,0.0,0.0,269.0,316.0,105.0,89.0,24.1867895409996,28.767135191708803
map_data_176.npz,0.0,0.0,246.0,287.0,49.0,33.0,28.10062909000044,23.99598935898393
map_data_177.npz,0.0,0.0,2.0,2.0,9.0,9.0,28.75539890899745,23.859265197068453
map_data_178.npz,0.0,0.0,2.0,2.0,9.0,9.0,28.96252361900042,23.982043650001287
map_data_179.npz,0.0,0.0,1.0,2.0,1.0,9.0,28.489847393000677,24.624219780787826
map_data_18.npz,0.0,0.0,2.0,2.0,9.0,9.0,27.55514752300041,24.448332789354023
map_data_180.npz,0.0,0.0,34.0,30.0,9.0,9.0,24.08598889299992,23.713638566434383
map_data_181.npz,0.0,0.0,226.0,205.0,73.0,81.0,23.72134355799972,24.22828124184161
map_data_182.npz,0.0,0.0,1.0,1.0,1.0,1.0,28.581752157002484,25.056092780083414
map_data_183.npz,0.0,0.0,348.0,422.0,65.0,89.0,26.8390504479994,24.141406072303653
map_data_184.npz,0.0,0.0,1.0,1.0,1.0,1.0,24.11178804300016,30.404355231672525
map_data_185.npz,0.0,0.0,1.0,1.0,1.0,1.0,28.94761500399909,24.236557747237384
map_data_186.npz,0.0,0.0,1.0,1.0,1.0,1.0,29.01679697700092,24.14214699342847
map_data_187.npz,0.0,0.0,1.0,1.0,1.0,1.0,28.917389479998747,24.449585041962564
map_data_188.npz,0.0,0.0,90.0,92.0,17.0,17.0,23.618534885999907,23.706679781898856
map_data_189.npz,0.0,0.0,1.0,1.0,1.0,1.0,29.48378146500181,24.10001092031598
map_data_19.npz,0.0,0.0,1.0,1.0,1.0,1.0,24.020225347000636,29.69909986294806
map_data_190.npz,0.0,0.0,15.0,42.0,17.0,17.0,29.229106265000155,23.75878507271409
map_data_191.npz,0.0,0.0,1.0,1.0,1.0,1.0,24.440194171999792,30.51052239537239
map_data_193.npz,0.0,0.0,1.0,1.0,1.0,1.0,28.078057599001117,24.64775750413537
map_data_194.npz,0.0,0.0,126.0,34.0,41.0,9.0,23.73281087900068,23.798181391321123
map_data_195.npz,0.0,0.0,1.0,1.0,1.0,1.0,28.688089432998822,24.115896726958454
map_data_196.npz,0.0,0.0,148.0,384.0,41.0,81.0,28.746131644998968,24.0896919593215
map_data_197.npz,0.0,0.0,33.0,30.0,9.0,9.0,23.760715551999965,24.52288889605552
map_data_198.npz,0.0,0.0,281.0,172.0,33.0,33.0,28.954070157000388,24.370519254356623
map_data_199.npz,0.0,0.0,1.0,1.0,1.0,1.0,27.299363743999493,23.98939754627645
map_data_2.npz,0.0,0.0,1.0,1.0,1.0,1.0,29.59722957700069,24.6321176411584
map_data_20.npz,0.0,0.0,45.0,33.0,17.0,9.0,24.12071314900004,26.58079898450524
map_data_200.npz,0.0,0.0,92.0,87.0,33.0,25.0,28.92540407100023,24.339880685321987
map_data_201.npz,0.0,0.0,129.0,126.0,33.0,25.0,29.05494462200295,24.418827599845827
map_data_202.npz,0.0,0.0,1.0,1.0,1.0,1.0,27.26957502100049,23.956921204924583
map_data_203.npz,0.0,0.0,1.0,1.0,1.0,1.0,28.92439101200216,24.09152984805405
map_data_204.npz,0.0,0.0,178.0,121.0,57.0,25.0,28.578240498001836,24.36640836112201
map_data_205.npz,0.0,0.0,121.0,143.0,25.0,25.0,28.09735456300041,24.04525364842266
map_data_206.npz,1.0,1.0,120.0,94.0,65.0,65.0,8.313957188998756,4.42836101911962
map_data_207.npz,1.0,1.0,127.0,42.0,57.0,49.0,8.370195540999703,1.993340553715825
map_data_208.npz,0.0,0.0,1.0,1.0,1.0,1.0,29.05963599200186,24.236078016459945
map_data_209.npz,1.0,1.0,250.0,174.0,73.0,73.0,23.595035820000703,9.551576579920948
map_data_21.npz,0.0,0.0,36.0,30.0,9.0,9.0,23.97903242400025,23.926382837817076
map_data_210.npz,0.0,0.0,56.0,41.0,25.0,17.0,29.157392940000136,24.21987432520837
map_data_211.npz,0.0,0.0,219.0,27.0,17.0,9.0,29.194419030000063,24.715694427490234
map_data_212.npz,0.0,0.0,142.0,257.0,57.0,17.0,28.663100943002064,23.826297697611157
map_data_213.npz,1.0,1.0,229.0,196.0,73.0,73.0,15.933383719999256,9.78361454140395
map_data_214.npz,0.0,0.0,29.0,36.0,9.0,9.0,27.46544075900056,24.23386747762561
map_data_215.npz,0.0,0.0,121.0,214.0,41.0,33.0,23.965675285000543,24.287936951965094
map_data_216.npz,0.0,0.0,33.0,28.0,9.0,9.0,24.49388215900035,23.590920007787645
map_data_217.npz,0.0,0.0,1.0,1.0,1.0,1.0,29.03549255299913,23.901187047362328
map_data_218.npz,0.0,0.0,91.0,72.0,25.0,25.0,27.428134343001147,24.34771175123751
map_data_219.npz,0.0,0.0,190.0,206.0,25.0,25.0,28.017982649998885,24.462900181300935
map_data_22.npz,0.0,0.0,28.0,31.0,9.0,9.0,24.136627806000437,24.9957464504987
map_data_220.npz,0.0,0.0,1.0,1.0,1.0,1.0,28.755484181998327,24.13493059389293
map_data_221.npz,0.0,0.0,30.0,30.0,9.0,9.0,29.14822839800036,24.338955271057785
map_data_222.npz,0.0,0.0,6.0,4.0,9.0,9.0,29.462065428999267,24.57556038442999
map_data_223.npz,1.0,0.0,54.0,208.0,81.0,65.0,15.731610240000007,24.038362226448957
map_data_224.npz,0.0,0.0,43.0,40.0,17.0,17.0,29.21730318300069,23.78844176512212
map_data_225.npz,0.0,0.0,1.0,1.0,1.0,1.0,29.14053447799961,24.034752057865266
map_data_226.npz,0.0,0.0,89.0,85.0,25.0,25.0,29.09991905300194,23.99521885253489
map_data_227.npz,0.0,0.0,64.0,14.0,49.0,17.0,28.52740626000013,24.43225005734712
map_data_228.npz,0.0,0.0,1.0,1.0,1.0,1.0,28.617461589999948,24.49172084033489
map_data_229.npz,0.0,0.0,1.0,1.0,1.0,1.0,29.184390835998784,24.24752468150109
map_data_23.npz,0.0,0.0,1.0,1.0,1.0,1.0,24.18545451599948,24.147365330718458
map_data_230.npz,0.0,0.0,33.0,46.0,9.0,33.0,28.88727848000053,24.66339762043208
map_data_231.npz,0.0,0.0,50.0,225.0,49.0,41.0,29.205247486999724,25.36370371002704
map_data_232.npz,0.0,0.0,323.0,406.0,73.0,73.0,24.88385188800021,24.346002092584968
map_data_233.npz,0.0,0.0,1.0,1.0,1.0,1.0,28.63987233799708,24.593696584925056
map_data_234.npz,0.0,0.0,1.0,1.0,1.0,1.0,27.38746645700121,24.059049892239276
map_data_235.npz,0.0,0.0,1.0,1.0,1.0,1.0,28.982961835001333,23.96966713573784
map_data_236.npz,0.0,0.0,1.0,1.0,1.0,1.0,29.37837831499928,23.97700496204197
map_data_237.npz,0.0,0.0,244.0,329.0,57.0,65.0,29.46211845800281,24.801894978620112
map_data_238.npz,0.0,0.0,34.0,3.0,33.0,17.0,23.63497687800009,23.856034588068724
map_data_24.npz,1.0,0.0,171.0,302.0,65.0,57.0,13.044136866999906,24.12469692993909
map_data_240.npz,0.0,0.0,20.0,27.0,17.0,17.0,29.232969982000213,24.3061309074983
map_data_241.npz,0.0,0.0,29.0,35.0,17.0,9.0,29.400709137997183,24.541820258833468
map_data_242.npz,0.0,0.0,1.0,1.0,1.0,1.0,28.424335826999595,24.0928487489
map_data_244.npz,0.0,0.0,1.0,1.0,1.0,1.0,28.47841007599709,24.40196798741817
map_data_245.npz,0.0,0.0,1.0,1.0,1.0,1.0,29.204381431,24.54322536662221
map_data_246.npz,0.0,0.0,1.0,1.0,1.0,1.0,29.244017908997197,24.56054867245257
map_data_247.npz,0.0,0.0,376.0,333.0,57.0,49.0,28.536178539998215,24.081887205131352
map_data_248.npz,0.0,0.0,1.0,1.0,1.0,1.0,29.150500274998198,24.45330875646323
map_data_249.npz,0.0,0.0,1.0,1.0,1.0,1.0,24.224265865000238,23.781067713163797
map_data_25.npz,0.0,0.0,1.0,1.0,1.0,1.0,28.529958910999994,24.38758334890008
map_data_250.npz,0.0,0.0,385.0,415.0,73.0,73.0,27.58168180800021,23.87227732408792
map_data_251.npz,0.0,0.0,164.0,54.0,73.0,17.0,28.593371515002215,23.978826586157084
map_data_252.npz,0.0,0.0,325.0,275.0,65.0,57.0,23.38252685000043,23.7111696312204
map_data_253.npz,0.0,0.0,1.0,1.0,1.0,1.0,27.970133548999,24.762982892803848
map_data_254.npz,0.0,0.0,1.0,1.0,1.0,1.0,29.32010135299788,24.36747798882425
map_data_255.npz,0.0,0.0,13.0,47.0,17.0,33.0,28.553073932998814,24.468128096312284
map_data_256.npz,0.0,0.0,2.0,2.0,9.0,9.0,28.51957098399725,24.730095085687932
map_data_257.npz,0.0,0.0,1.0,1.0,1.0,1.0,29.39847456999996,24.15957331378013
map_data_258.npz,0.0,0.0,348.0,306.0,81.0,81.0,29.31760155200027,23.789910113438964
map_data_259.npz,0.0,0.0,1.0,1.0,1.0,1.0,29.3755855490017,24.743520577438176
map_data_26.npz,0.0,0.0,35.0,29.0,17.0,17.0,29.47475138899972,23.841970921494067
map_data_260.npz,0.0,0.0,1.0,1.0,1.0,1.0,24.17882260599981,24.070518656633794
map_data_261.npz,0.0,0.0,241.0,227.0,49.0,57.0,29.14131673800148,24.28498970437795
map_data_262.npz,0.0,0.0,91.0,116.0,25.0,25.0,28.421383036002226,24.263729258440435
map_data_263.npz,0.0,0.0,133.0,83.0,41.0,33.0,28.492850099999487,24.452845949679613
map_data_264.npz,0.0,0.0,275.0,272.0,49.0,57.0,29.42064203600057,23.829989610239863
map_data_265.npz,0.0,0.0,372.0,323.0,81.0,81.0,24.000608311000175,23.80849085561931
map_data_266.npz,0.0,0.0,1.0,1.0,1.0,1.0,29.22298566400059,24.34247081633657
map_data_267.npz,0.0,0.0,1.0,1.0,1.0,1.0,24.026603626,23.88517662230879
map_data_268.npz,0.0,0.0,380.0,370.0,73.0,89.0,23.55101622599977,23.541194767691195
map_data_269.npz,0.0,0.0,1.0,1.0,1.0,1.0,29.53113141600261,24.15777174476534
map_data_27.npz,0.0,0.0,107.0,31.0,41.0,9.0,28.673722837997047,23.9985188767314
map_data_270.npz,0.0,0.0,1.0,1.0,1.0,1.0,28.472413868999865,24.610109862871468
map_data_271.npz,0.0,0.0,1.0,1.0,1.0,1.0,29.248854593999567,24.25510443840176
map_data_272.npz,0.0,0.0,37.0,163.0,9.0,49.0,25.67685530200106,23.88081756234169
map_data_273.npz,0.0,0.0,32.0,34.0,9.0,9.0,28.94599061899862,23.975167389959097
map_data_274.npz,0.0,0.0,73.0,33.0,17.0,9.0,24.24463636099972,29.52174288686365
map_data_275.npz,0.0,0.0,396.0,351.0,73.0,73.0,29.061260566999408,24.395416885614395
map_data_277.npz,0.0,0.0,214.0,188.0,49.0,49.0,29.04428838599779,24.105015597306192
map_data_278.npz,0.0,0.0,1.0,1.0,1.0,1.0,27.60796121199928,24.014047726988792
map_data_279.npz,0.0,0.0,356.0,279.0,65.0,65.0,29.09190262300035,24.602658630348746
map_data_28.npz,1.0,0.0,350.0,450.0,97.0,97.0,28.91949820100126,23.99030519556254
map_data_280.npz,0.0,0.0,22.0,18.0,9.0,9.0,27.41099516599934,23.79226721078157
map_data_281.npz,0.0,0.0,144.0,146.0,49.0,33.0,23.4295180679992,31.26368196401745
map_data_282.npz,0.0,0.0,38.0,32.0,9.0,9.0,29.063239248000173,24.10880855191499
map_data_283.npz,0.0,0.0,172.0,99.0,57.0,25.0,29.002826379997718,25.08536901511252
map_data_284.npz,0.0,0.0,174.0,140.0,33.0,33.0,29.02749453499928,24.0735600348562
map_data_285.npz,0.0,0.0,47.0,4.0,65.0,9.0,28.65250594499957,25.20809260942042
map_data_286.npz,0.0,0.0,239.0,169.0,33.0,49.0,29.293291976002365,23.985800235532224
map_data_288.npz,0.0,0.0,1.0,1.0,1.0,1.0,28.560378759997548,23.84938905853778
map_data_289.npz,0.0,0.0,1.0,1.0,1.0,1.0,28.33275581199996,24.29155216086656
map_data_29.npz,0.0,0.0,5.0,3.0,25.0,9.0,29.40715700600049,24.33996637351811
map_data_290.npz,0.0,0.0,82.0,31.0,57.0,9.0,28.97951570799705,23.97665575426072
map_data_291.npz,0.0,0.0,28.0,30.0,9.0,9.0,27.98645873100031,23.98678180109709
map_data_292.npz,0.0,0.0,1.0,1.0,1.0,1.0,28.577780658000847,23.96153154782951
map_data_293.npz,0.0,0.0,1.0,2.0,1.0,9.0,28.01192702700064,24.400606375187635
map_data_294.npz,0.0,0.0,1.0,1.0,1.0,1.0,27.96127484000317,24.50021232105792
map_data_295.npz,0.0,1.0,378.0,178.0,57.0,57.0,29.11045265299981,17.69139337632805
map_data_296.npz,0.0,0.0,270.0,266.0,65.0,49.0,28.715295648999017,23.91666927933693
map_data_297.npz,0.0,0.0,1.0,1.0,1.0,1.0,29.292810918001123,24.251360163092613
map_data_298.npz,0.0,0.0,1.0,1.0,1.0,1.0,28.520205650998832,24.08631096035242
map_data_299.npz,0.0,0.0,86.0,89.0,25.0,33.0,24.39052489000096,23.866984525695443
map_data_3.npz,0.0,0.0,395.0,455.0,81.0,89.0,24.25327562200073,23.739899957552552
map_data_30.npz,0.0,0.0,2.0,1.0,9.0,1.0,28.813331296998516,24.07198278978467
map_data_300.npz,0.0,0.0,3.0,3.0,9.0,9.0,28.896513477000557,24.270826472900808
map_data_301.npz,0.0,0.0,196.0,225.0,41.0,33.0,29.272290116001383,24.49818614590913
map_data_302.npz,0.0,0.0,3.0,1.0,9.0,1.0,23.735285560999728,27.35302689578384
map_data_304.npz,0.0,0.0,187.0,5.0,41.0,9.0,27.296929568999985,24.116850649937987
map_data_305.npz,0.0,0.0,1.0,1.0,1.0,1.0,29.03657235799983,24.03238022513688
map_data_306.npz,0.0,0.0,153.0,182.0,41.0,41.0,23.933004455999253,28.09511690866202
map_data_307.npz,0.0,0.0,1.0,79.0,1.0,25.0,29.293318007999915,23.96227212715894
map_data_308.npz,0.0,0.0,1.0,1.0,1.0,1.0,28.672440826001548,24.474018241278827
map_data_309.npz,0.0,0.0,1.0,1.0,1.0,1.0,28.860761649997585,24.41195724066347
map_data_31.npz,0.0,0.0,354.0,350.0,81.0,97.0,28.94986511800016,24.53358491230756
map_data_310.npz,0.0,0.0,315.0,323.0,81.0,73.0,28.5727687969993,24.423060230910774
map_data_311.npz,0.0,0.0,1.0,1.0,1.0,1.0,23.671194075999665,23.92703172191977
map_data_312.npz,0.0,0.0,1.0,1.0,1.0,1.0,28.499516541000048,25.302052699960768
map_data_313.npz,1.0,1.0,60.0,72.0,57.0,57.0,5.807907889000489,5.758680442348123
map_data_314.npz,1.0,1.0,52.0,91.0,57.0,57.0,5.708145738999519,9.804225916974248
map_data_315.npz,0.0,0.0,46.0,38.0,25.0,17.0,29.15440316799868,23.950446053408086
map_data_316.npz,0.0,0.0,9.0,26.0,9.0,17.0,29.42946653500257,24.069150680676103
map_data_317.npz,0.0,0.0,6.0,10.0,9.0,9.0,23.69249945699994,23.833363042213023
map_data_318.npz,0.0,0.0,1.0,1.0,1.0,1.0,28.76776976399924,24.349320197477937
map_data_319.npz,0.0,0.0,334.0,208.0,81.0,49.0,23.929276716999997,28.86677917465568
map_data_32.npz,0.0,0.0,109.0,115.0,25.0,25.0,28.79952582999977,23.75635422486812
map_data_320.npz,0.0,0.0,169.0,172.0,41.0,25.0,28.514367252999364,24.21935039479285
map_data_321.npz,0.0,0.0,120.0,92.0,33.0,33.0,24.19838373200037,27.91141128819436
map_data_322.npz,0.0,0.0,7.0,7.0,9.0,9.0,25.404049366001345,23.7774515748024
map_data_323.npz,0.0,0.0,335.0,344.0,89.0,73.0,29.220310216001963,24.613432455807924
map_data_324.npz,0.0,0.0,1.0,1.0,1.0,1.0,27.993757807002112,24.88511025998741
map_data_325.npz,0.0,1.0,288.0,175.0,65.0,73.0,27.460330956999314,9.750924365594985
map_data_326.npz,0.0,0.0,1.0,1.0,1.0,1.0,28.340861869000943,25.248209725134075
map_data_327.npz,0.0,0.0,4.0,2.0,9.0,9.0,27.30691796199972,24.537587920203805
map_data_329.npz,0.0,0.0,194.0,68.0,49.0,25.0,23.552198848000444,23.642169203609228
map_data_330.npz,0.0,0.0,1.0,26.0,1.0,17.0,24.112534134999805,29.64033703971654
map_data_331.npz,0.0,0.0,290.0,426.0,57.0,81.0,29.111946312998043,24.34379164595157
map_data_332.npz,0.0,0.0,267.0,245.0,41.0,65.0,24.234123678999826,23.5876182531938
map_data_333.npz,0.0,0.0,394.0,404.0,65.0,73.0,28.55546057799802,24.341293320059776
map_data_334.npz,0.0,0.0,288.0,246.0,49.0,33.0,28.77625210199767,24.32398547977209
map_data_335.npz,0.0,0.0,31.0,30.0,9.0,9.0,28.751253952999832,24.27632926311344
map_data_336.npz,0.0,0.0,232.0,164.0,49.0,33.0,24.066240944999663,29.04999103397131
map_data_337.npz,0.0,0.0,1.0,1.0,1.0,1.0,27.993138368001382,24.662039706483483
map_data_338.npz,0.0,0.0,355.0,190.0,25.0,41.0,29.03740981399824,23.98655654117465
map_data_339.npz,0.0,0.0,304.0,265.0,65.0,41.0,28.69337691700275,24.64143523108214
map_data_34.npz,0.0,0.0,1.0,1.0,1.0,1.0,24.75097852700128,23.85267449170351
map_data_340.npz,0.0,0.0,2.0,8.0,9.0,25.0,28.608723902998463,25.042149731889367
map_data_341.npz,0.0,0.0,341.0,412.0,73.0,73.0,29.16608081000049,23.88560526072979
map_data_342.npz,0.0,0.0,1.0,1.0,1.0,1.0,24.10545392699987,23.80217105243355
map_data_343.npz,0.0,0.0,119.0,137.0,33.0,49.0,23.934926441999774,23.89872739650309
map_data_344.npz,0.0,0.0,36.0,33.0,9.0,9.0,28.564518201001192,23.86126835271716
map_data_345.npz,0.0,0.0,303.0,386.0,81.0,73.0,28.93506976199933,23.97944726701826
map_data_346.npz,0.0,0.0,9.0,10.0,9.0,9.0,29.19682385700071,23.803675059229136
map_data_347.npz,0.0,0.0,1.0,1.0,1.0,1.0,28.476145979999277,24.25262658856809
map_data_348.npz,0.0,0.0,261.0,188.0,65.0,25.0,27.94231098599994,24.09377452451736
map_data_349.npz,0.0,0.0,1.0,1.0,1.0,1.0,24.010368940000262,28.07075747847557
map_data_35.npz,0.0,0.0,1.0,1.0,1.0,1.0,28.892851657999927,24.115195750258863
map_data_350.npz,0.0,0.0,301.0,373.0,89.0,73.0,23.36353350699937,23.475618964992464
map_data_351.npz,0.0,0.0,1.0,1.0,1.0,1.0,29.370022750001223,24.04519777931273
map_data_352.npz,0.0,0.0,1.0,1.0,1.0,1.0,24.14452238000013,24.874798143282533
map_data_353.npz,0.0,0.0,196.0,31.0,89.0,17.0,29.20182510400264,24.35505581367761
map_data_354.npz,0.0,0.0,249.0,172.0,57.0,33.0,28.40397331099848,24.16733830422163
map_data_355.npz,0.0,0.0,1.0,1.0,1.0,1.0,29.271911243999057,24.342456378042694
map_data_357.npz,0.0,0.0,1.0,1.0,1.0,1.0,28.775885956998536,24.17959618382156
map_data_358.npz,0.0,0.0,31.0,32.0,9.0,9.0,24.10441420100051,23.73354818020016
map_data_359.npz,0.0,0.0,1.0,1.0,1.0,1.0,24.15411125599985,24.068236047402024
map_data_36.npz,0.0,0.0,310.0,230.0,73.0,73.0,29.349795469999663,24.00838242843747
map_data_360.npz,0.0,0.0,3.0,2.0,9.0,9.0,23.61776586399992,23.962963758967817
map_data_361.npz,0.0,0.0,27.0,37.0,9.0,9.0,28.557514864998662,24.33136288076639
map_data_362.npz,0.0,0.0,1.0,1.0,1.0,1.0,27.93374382699767,23.92275002133101
map_data_363.npz,0.0,0.0,28.0,32.0,9.0,9.0,28.91581288700036,24.45331813581288
map_data_364.npz,0.0,0.0,116.0,87.0,33.0,17.0,28.688227685999664,24.67716340534389
map_data_365.npz,0.0,0.0,1.0,1.0,1.0,1.0,23.75713636500041,24.056762295775115
map_data_366.npz,0.0,0.0,78.0,38.0,41.0,33.0,24.346853192000708,24.177212493494157
map_data_367.npz,0.0,0.0,148.0,104.0,33.0,33.0,24.808774941000596,23.714042654260997
map_data_368.npz,0.0,0.0,37.0,27.0,17.0,9.0,28.04266167499736,24.138189523480836
map_data_369.npz,0.0,0.0,1.0,1.0,1.0,1.0,28.569215108000208,23.89213530533016
map_data_37.npz,0.0,0.0,33.0,48.0,9.0,25.0,29.098539493003045,23.86251209396869
map_data_370.npz,0.0,0.0,1.0,1.0,1.0,1.0,29.08564637499876,24.948556107468903
map_data_371.npz,0.0,0.0,228.0,238.0,57.0,65.0,27.988264199000696,23.95545735862106
map_data_372.npz,0.0,0.0,1.0,1.0,1.0,1.0,28.212238447000345,24.03054769989103
map_data_373.npz,0.0,0.0,263.0,248.0,57.0,57.0,29.19683535100012,24.026949455030262
map_data_374.npz,0.0,0.0,1.0,1.0,1.0,1.0,29.617583490999092,24.26942524407059
map_data_375.npz,0.0,0.0,1.0,1.0,1.0,1.0,29.11381570999947,24.27897291816771
map_data_376.npz,0.0,0.0,37.0,38.0,25.0,25.0,24.12607305600068,23.57149314135313
map_data_377.npz,0.0,0.0,1.0,1.0,1.0,1.0,29.40499473700038,24.20480468776077
map_data_378.npz,0.0,0.0,1.0,1.0,1.0,1.0,28.49658051899678,24.117465935647488
map_data_379.npz,0.0,0.0,1.0,1.0,1.0,1.0,28.70432722500118,24.084615170024332
map_data_38.npz,0.0,0.0,37.0,26.0,17.0,17.0,29.282082128000184,24.01649214606732
map_data_381.npz,0.0,0.0,296.0,366.0,65.0,57.0,28.34629868100092,23.89591410383582
map_data_382.npz,0.0,0.0,207.0,286.0,65.0,81.0,28.663706137998812,24.048733212053776
map_data_383.npz,0.0,0.0,1.0,1.0,1.0,1.0,28.86785993000012,23.983813253231347
map_data_384.npz,0.0,0.0,24.0,36.0,9.0,9.0,29.193910416997824,24.09441546164453
map_data_385.npz,0.0,0.0,147.0,209.0,57.0,49.0,23.7581317460008,24.034088720567524
map_data_386.npz,0.0,0.0,34.0,31.0,9.0,9.0,27.28501939499984,24.0773911383003
map_data_387.npz,1.0,0.0,58.0,43.0,57.0,25.0,8.249953194001137,24.495787446387112
map_data_388.npz,0.0,0.0,1.0,1.0,1.0,1.0,27.346996301999752,24.81153630744666
map_data_389.npz,0.0,0.0,186.0,180.0,33.0,25.0,28.84643851200235,24.12789324298501
map_data_39.npz,0.0,0.0,1.0,1.0,1.0,1.0,28.64389457099969,24.274604100733995
map_data_390.npz,0.0,0.0,182.0,365.0,73.0,89.0,28.08492539100007,23.768859868869185
map_data_391.npz,0.0,0.0,313.0,218.0,57.0,49.0,28.113794614000653,23.963838039897382
map_data_392.npz,0.0,0.0,1.0,1.0,1.0,1.0,27.431263476999447,24.36677244491875
map_data_393.npz,0.0,0.0,1.0,1.0,1.0,1.0,29.333040319999785,23.976688244380057
map_data_395.npz,1.0,1.0,52.0,87.0,49.0,49.0,4.308543772000121,5.919273806735873
map_data_396.npz,0.0,0.0,46.0,44.0,17.0,25.0,24.24175964400001,28.996035476215184
map_data_397.npz,0.0,0.0,30.0,302.0,9.0,65.0,28.54863887299871,24.762136300094426
map_data_399.npz,0.0,0.0,1.0,1.0,1.0,1.0,28.184313584000847,24.651014292612672
map_data_4.npz,0.0,0.0,1.0,1.0,1.0,1.0,23.69714893499986,24.81224284227937
map_data_40.npz,0.0,0.0,2.0,4.0,9.0,9.0,23.935506564000207,23.58408907894045
map_data_400.npz,0.0,0.0,432.0,432.0,81.0,65.0,24.3223473320013,23.897549753077328
map_data_401.npz,0.0,0.0,261.0,259.0,97.0,73.0,28.48315202899903,24.607901494950056
map_data_402.npz,0.0,0.0,105.0,109.0,17.0,17.0,27.48857035199944,23.8291645469144
map_data_403.npz,0.0,0.0,1.0,1.0,1.0,1.0,29.109292942001048,24.836278748698533
map_data_404.npz,1.0,1.0,25.0,74.0,65.0,65.0,2.565940848999162,4.054514216259122
map_data_405.npz,0.0,0.0,1.0,1.0,1.0,1.0,29.027185778002604,24.764378774911165
map_data_406.npz,0.0,0.0,1.0,1.0,1.0,1.0,28.01377684399995,24.28638738766313
map_data_407.npz,0.0,0.0,48.0,32.0,17.0,17.0,28.44146737799747,24.04281303659081
map_data_408.npz,0.0,0.0,450.0,439.0,73.0,65.0,23.850378326999817,23.731302087195218
map_data_409.npz,0.0,0.0,1.0,1.0,1.0,1.0,27.44570628200017,24.261329520493742
map_data_41.npz,0.0,0.0,1.0,1.0,1.0,1.0,28.97681531800117,24.193000023253266
map_data_410.npz,0.0,0.0,33.0,29.0,9.0,9.0,27.48598332000074,24.01806845143437
map_data_411.npz,0.0,0.0,1.0,1.0,1.0,1.0,28.829840615999277,24.31177190784365
map_data_412.npz,0.0,0.0,37.0,29.0,9.0,9.0,24.01865930300028,23.734571604058143
map_data_413.npz,0.0,0.0,4.0,27.0,9.0,25.0,24.11831072899986,26.10843930579722
map_data_414.npz,0.0,0.0,1.0,1.0,1.0,1.0,27.88730830799977,24.151758072897792
map_data_416.npz,0.0,0.0,1.0,1.0,1.0,1.0,28.48941018199912,23.915982083417475
map_data_417.npz,0.0,0.0,1.0,1.0,1.0,1.0,29.54086430800089,24.08160319365561
map_data_418.npz,0.0,0.0,45.0,52.0,25.0,25.0,28.3656447689973,23.951979286037385
map_data_419.npz,0.0,0.0,1.0,1.0,1.0,1.0,28.6795108160004,23.936543518677357
map_data_42.npz,0.0,0.0,1.0,1.0,1.0,1.0,29.23821740700077,24.35154248122126
map_data_420.npz,0.0,0.0,207.0,56.0,49.0,17.0,29.432048623999435,23.76453968230635
map_data_421.npz,0.0,0.0,24.0,28.0,33.0,25.0,29.331364084002416,24.18523621931672
map_data_422.npz,0.0,0.0,77.0,48.0,57.0,25.0,29.429414966001787,24.119172394275665
map_data_423.npz,0.0,0.0,279.0,251.0,41.0,33.0,23.92909230499936,30.484194348566238
map_data_424.npz,1.0,1.0,267.0,301.0,73.0,73.0,19.577573054999448,16.012041681446135
map_data_425.npz,0.0,0.0,155.0,152.0,49.0,49.0,27.518917290999525,23.885708861984316
map_data_426.npz,0.0,0.0,167.0,310.0,97.0,81.0,28.88353829999869,24.289536859840155
map_data_427.npz,1.0,1.0,31.0,78.0,49.0,49.0,3.114994724001008,6.470631125383079
map_data_428.npz,0.0,0.0,49.0,54.0,17.0,17.0,29.0707317239976,24.58103455696255
map_data_429.npz,0.0,0.0,3.0,2.0,9.0,9.0,28.58518517199991,24.62190469633788
map_data_430.npz,0.0,0.0,28.0,30.0,9.0,9.0,29.3099481499994,23.89630805421621
map_data_431.npz,0.0,0.0,68.0,82.0,17.0,33.0,28.493694253000285,24.566291240043935
map_data_432.npz,0.0,0.0,1.0,1.0,1.0,1.0,28.648229005997564,24.706876180134717
map_data_433.npz,0.0,0.0,1.0,1.0,1.0,1.0,28.511308203000223,24.264175299555063
map_data_434.npz,0.0,0.0,64.0,87.0,17.0,17.0,24.00315658300042,23.65710616763681
map_data_435.npz,0.0,0.0,1.0,1.0,1.0,1.0,29.0932790270017,24.57320143282413
map_data_436.npz,0.0,0.0,34.0,32.0,9.0,9.0,23.56393424599992,23.841433904133737
map_data_437.npz,0.0,0.0,49.0,30.0,17.0,9.0,23.966766054999425,29.85592846479267
map_data_438.npz,0.0,0.0,1.0,1.0,1.0,1.0,28.19594846000109,24.239235733635724
map_data_439.npz,0.0,0.0,1.0,1.0,1.0,1.0,28.414276580999285,25.305471668951213
map_data_44.npz,0.0,0.0,1.0,1.0,1.0,1.0,27.584687519998624,24.07137626130134
map_data_440.npz,0.0,0.0,30.0,28.0,9.0,9.0,28.000568220000787,24.470876534469426
map_data_441.npz,0.0,0.0,1.0,1.0,1.0,1.0,29.52472156300064,24.13064639084041
map_data_442.npz,0.0,0.0,120.0,160.0,41.0,33.0,28.55106443800105,24.036412729881704
map_data_443.npz,0.0,0.0,30.0,30.0,9.0,9.0,29.20201526099845,24.060457163490355
map_data_444.npz,0.0,0.0,101.0,162.0,81.0,57.0,23.808755574000315,24.02786108572036
map_data_445.npz,0.0,0.0,438.0,358.0,73.0,81.0,23.46273587999985,23.815395369194448
map_data_446.npz,0.0,0.0,49.0,47.0,41.0,17.0,29.57578660299987,24.009323712438345
map_data_447.npz,0.0,0.0,1.0,118.0,1.0,41.0,28.078824782000083,24.348617177456617
map_data_448.npz,0.0,0.0,1.0,1.0,1.0,1.0,28.52263173100073,23.868882849812508
map_data_449.npz,0.0,0.0,1.0,1.0,1.0,1.0,28.54706713899941,24.581444945186377
map_data_45.npz,0.0,0.0,290.0,448.0,65.0,81.0,28.760617710999213,24.71926695946604
map_data_450.npz,0.0,0.0,103.0,71.0,57.0,17.0,23.88234009400003,23.48025063890964
map_data_451.npz,0.0,0.0,1.0,1.0,1.0,1.0,29.346488614999544,24.438689128495756
map_data_452.npz,0.0,0.0,59.0,34.0,41.0,9.0,24.11428772599993,31.087512438185517
map_data_453.npz,1.0,1.0,194.0,268.0,57.0,57.0,14.024540071000956,15.233060500584545
map_data_454.npz,0.0,0.0,256.0,2.0,73.0,9.0,24.550482351000028,23.730346577242017
map_data_455.npz,0.0,0.0,43.0,32.0,17.0,17.0,23.28651074499976,23.71681356150657
map_data_456.npz,0.0,0.0,1.0,1.0,1.0,1.0,29.108600386000035,24.72586850076914
map_data_457.npz,0.0,0.0,66.0,34.0,49.0,17.0,28.634120472997893,23.80034532211721
map_data_458.npz,0.0,0.0,2.0,2.0,9.0,9.0,23.64421805799975,23.74370429385453
map_data_459.npz,0.0,0.0,254.0,88.0,49.0,17.0,29.64046421400053,24.202198691666126
map_data_46.npz,0.0,0.0,1.0,1.0,1.0,1.0,24.74685890300134,23.78899905644357
map_data_460.npz,0.0,0.0,272.0,305.0,65.0,73.0,23.376046012000188,23.965821934863925
map_data_461.npz,0.0,0.0,13.0,21.0,9.0,17.0,28.39606728200306,23.978173956274983
map_data_462.npz,0.0,0.0,140.0,1.0,9.0,1.0,29.55522927799757,24.363104715943336
map_data_463.npz,0.0,0.0,33.0,33.0,9.0,9.0,28.71469224000248,23.980478886514906
map_data_464.npz,0.0,0.0,33.0,33.0,9.0,9.0,28.62043064500176,23.739692332223058
map_data_465.npz,0.0,0.0,1.0,1.0,1.0,1.0,28.864437524000092,24.35427193529904
map_data_466.npz,0.0,0.0,90.0,101.0,17.0,17.0,28.84642617900317,24.300726079382
map_data_467.npz,0.0,0.0,1.0,1.0,1.0,1.0,28.89211815100134,23.893120175227523
map_data_468.npz,0.0,0.0,62.0,1.0,41.0,1.0,27.239086424999183,23.93195049837232
map_data_469.npz,0.0,0.0,1.0,1.0,1.0,1.0,28.338581348001757,24.14306094218045
map_data_47.npz,0.0,1.0,428.0,371.0,65.0,73.0,28.590761646999454,22.1074957838282
map_data_470.npz,0.0,0.0,1.0,1.0,1.0,1.0,24.03179720299977,24.090262805111703
map_data_471.npz,0.0,0.0,1.0,1.0,1.0,1.0,29.15164452499812,23.99239596445113
map_data_472.npz,0.0,1.0,252.0,77.0,49.0,49.0,23.94046963100027,4.900881792418659
map_data_473.npz,0.0,0.0,34.0,31.0,9.0,9.0,29.01787850800065,23.970705709420145
map_data_474.npz,0.0,0.0,345.0,148.0,73.0,33.0,28.524586519997683,24.2392495861277
map_data_475.npz,0.0,0.0,1.0,1.0,1.0,1.0,28.53192570199826,24.529491507448256
map_data_476.npz,0.0,0.0,207.0,173.0,41.0,49.0,27.27642458900118,24.46486210823059
map_data_477.npz,0.0,0.0,69.0,124.0,33.0,33.0,28.44920539999657,23.87221776507795
map_data_478.npz,0.0,0.0,2.0,2.0,9.0,9.0,29.158278249000432,24.084971273317933
map_data_479.npz,0.0,0.0,296.0,198.0,65.0,49.0,28.50894296099977,24.033130173571408
map_data_48.npz,0.0,0.0,305.0,363.0,57.0,57.0,24.02649411600032,29.89221407752484
map_data_480.npz,0.0,0.0,1.0,1.0,1.0,1.0,27.511203630001543,23.85884714219719
map_data_481.npz,0.0,0.0,3.0,4.0,9.0,9.0,29.51663391400143,24.487968863919377
map_data_482.npz,0.0,0.0,35.0,48.0,17.0,17.0,24.13277334200029,31.481669816188514
map_data_483.npz,0.0,0.0,1.0,1.0,1.0,1.0,28.509617333002097,24.76640203408897
map_data_484.npz,0.0,0.0,28.0,27.0,9.0,17.0,29.096752281999212,25.195841573178768
map_data_485.npz,0.0,0.0,79.0,67.0,17.0,33.0,27.9707768699991,24.285664203576744
map_data_486.npz,0.0,0.0,30.0,29.0,9.0,9.0,28.435139404999063,24.142880652099848
map_data_487.npz,0.0,0.0,280.0,371.0,57.0,57.0,27.24269105699932,24.647608547471464
map_data_488.npz,0.0,0.0,94.0,139.0,57.0,65.0,27.2469014090002,24.05697996262461
map_data_489.npz,0.0,0.0,97.0,79.0,33.0,17.0,28.69608404399878,24.09358571469784
map_data_49.npz,0.0,0.0,130.0,98.0,25.0,17.0,24.470097187999272,24.084479083307087
map_data_490.npz,0.0,0.0,2.0,4.0,9.0,17.0,27.40669532099855,23.979814269579947
map_data_491.npz,0.0,0.0,335.0,313.0,57.0,41.0,28.520713213001727,25.147633749991652
map_data_493.npz,0.0,0.0,1.0,2.0,1.0,9.0,28.4859477659993,24.407917089760303
map_data_494.npz,0.0,0.0,1.0,1.0,1.0,1.0,24.679175208999368,23.82182774040848
map_data_495.npz,0.0,0.0,330.0,225.0,65.0,41.0,24.05146853899987,24.576841302216053
map_data_496.npz,0.0,0.0,108.0,108.0,33.0,33.0,28.731011857998965,23.88721726555377
map_data_497.npz,0.0,0.0,134.0,33.0,65.0,9.0,28.72428031600066,24.09178634453565
map_data_498.npz,0.0,0.0,188.0,228.0,57.0,57.0,28.63052345200049,24.23696558829397
map_data_499.npz,0.0,0.0,35.0,32.0,9.0,9.0,23.559540782999647,27.86101988982409
map_data_5.npz,0.0,0.0,33.0,27.0,9.0,9.0,27.9311594949977,23.796327830292284
map_data_50.npz,0.0,0.0,1.0,1.0,1.0,1.0,27.437352729999475,24.30628654267639
map_data_500.npz,0.0,0.0,217.0,188.0,41.0,41.0,29.73686335200182,24.35390043258667
map_data_501.npz,0.0,0.0,1.0,1.0,1.0,1.0,29.450394674000563,24.02820943947881
map_data_502.npz,0.0,1.0,366.0,306.0,65.0,81.0,23.882395325999823,17.104046911001205
map_data_503.npz,0.0,0.0,79.0,74.0,17.0,17.0,27.410739539000133,24.275950828567147
map_data_504.npz,0.0,0.0,214.0,182.0,49.0,41.0,28.551686512999368,23.80791101977229
map_data_505.npz,0.0,0.0,2.0,2.0,9.0,9.0,23.58129942999949,23.735331739299
map_data_506.npz,0.0,0.0,1.0,1.0,1.0,1.0,29.148259231998964,24.48754695151001
map_data_508.npz,0.0,0.0,4.0,2.0,9.0,9.0,28.53363250899929,24.81118131522089
map_data_509.npz,0.0,0.0,223.0,341.0,73.0,73.0,29.11603476000164,24.33615022804588
map_data_51.npz,0.0,0.0,1.0,1.0,1.0,1.0,29.211533224999584,24.04261127859354
map_data_510.npz,0.0,0.0,32.0,33.0,9.0,9.0,28.967499635000426,24.46285099443048
map_data_511.npz,0.0,0.0,46.0,29.0,17.0,9.0,23.48668584099869,24.00830187089741
map_data_512.npz,0.0,0.0,104.0,122.0,25.0,17.0,24.16207692500029,23.739898465573788
map_data_513.npz,0.0,0.0,25.0,33.0,9.0,9.0,29.136949817999263,24.12446275074035
map_data_514.npz,0.0,0.0,29.0,28.0,9.0,9.0,23.581889950000917,23.583975532092158
map_data_515.npz,0.0,0.0,1.0,1.0,1.0,1.0,27.50678276600047,24.70443385373801
map_data_516.npz,0.0,0.0,1.0,1.0,1.0,1.0,29.4708500730012,24.187030126340687
map_data_517.npz,0.0,0.0,253.0,243.0,57.0,41.0,29.15414533799958,24.23189715947956
map_data_518.npz,0.0,0.0,37.0,38.0,9.0,9.0,24.00455861499995,23.54954536724836
map_data_519.npz,0.0,0.0,1.0,1.0,1.0,1.0,28.815202002999285,24.38520729355514
map_data_52.npz,0.0,0.0,168.0,152.0,25.0,25.0,28.851773997997952,24.417902648448944
map_data_520.npz,0.0,0.0,1.0,1.0,1.0,1.0,23.824712008999995,23.857947171665728
map_data_521.npz,0.0,0.0,44.0,104.0,17.0,33.0,29.245996330999333,24.04510017950088
map_data_522.npz,0.0,0.0,1.0,1.0,1.0,1.0,24.224454893000257,30.827123010531068
map_data_523.npz,0.0,0.0,30.0,28.0,9.0,9.0,27.299810955000797,24.03497689869255
map_data_524.npz,0.0,0.0,165.0,142.0,49.0,41.0,29.15558045600119,24.34545789565891
map_data_525.npz,0.0,0.0,1.0,1.0,1.0,1.0,24.374780367000312,23.54944813903421
map_data_526.npz,0.0,0.0,1.0,1.0,1.0,1.0,24.59706378299961,23.93673720024526
map_data_527.npz,1.0,0.0,103.0,33.0,57.0,9.0,11.737406855001607,24.17577805928886
map_data_529.npz,0.0,0.0,1.0,1.0,1.0,1.0,29.427453788001003,24.05004225764424
map_data_53.npz,1.0,1.0,50.0,11.0,57.0,49.0,3.9742883469989465,0.4784656912088394
map_data_530.npz,0.0,0.0,1.0,1.0,1.0,1.0,24.10745456999939,29.7865470610559
map_data_531.npz,0.0,0.0,26.0,21.0,17.0,9.0,29.026871275000303,23.982448413968086
map_data_533.npz,0.0,0.0,224.0,176.0,41.0,41.0,24.52687011299895,23.868419656530023
map_data_534.npz,0.0,0.0,103.0,129.0,33.0,33.0,29.17337762600073,23.75337311066687
map_data_535.npz,0.0,0.0,205.0,190.0,41.0,33.0,23.978847604000293,23.78344144485891
map_data_536.npz,0.0,0.0,82.0,85.0,17.0,17.0,28.893401841000014,24.03917890880257
map_data_537.npz,0.0,0.0,1.0,1.0,1.0,1.0,28.283022060000803,24.10307705029845
map_data_538.npz,0.0,0.0,319.0,317.0,73.0,73.0,29.22903235299964,24.933806009590626
map_data_539.npz,0.0,0.0,1.0,1.0,1.0,1.0,27.24853013500069,23.84943378623575
map_data_54.npz,0.0,0.0,1.0,1.0,1.0,1.0,29.238283470998795,24.13354544807225
map_data_540.npz,0.0,0.0,1.0,1.0,1.0,1.0,29.16198049900049,23.881259062327445
map_data_541.npz,0.0,0.0,1.0,1.0,1.0,1.0,28.95143716400344,24.16096890438348
map_data_542.npz,0.0,0.0,1.0,1.0,1.0,1.0,27.31432748999941,24.28537319879979
map_data_543.npz,0.0,0.0,102.0,119.0,17.0,17.0,24.845354533001228,24.318017988465726
map_data_544.npz,0.0,0.0,37.0,50.0,9.0,41.0,27.743233477000103,24.68120992090553
map_data_545.npz,0.0,0.0,3.0,53.0,17.0,41.0,29.18762311200044,23.88773383200169
map_data_546.npz,0.0,0.0,33.0,31.0,9.0,9.0,24.16988364200006,28.94290965981781
map_data_547.npz,0.0,0.0,16.0,17.0,9.0,9.0,27.993721894999908,24.72207235172391
map_data_549.npz,0.0,0.0,143.0,95.0,49.0,33.0,29.52815583300253,24.083384812809527
map_data_55.npz,0.0,0.0,1.0,1.0,1.0,1.0,24.83921379899948,23.94281554501504
map_data_550.npz,0.0,0.0,146.0,114.0,33.0,25.0,29.003063111998927,24.04159140214324
map_data_551.npz,0.0,0.0,317.0,363.0,73.0,89.0,28.606238186002884,23.88510061055422
map_data_552.npz,1.0,1.0,104.0,46.0,49.0,49.0,8.542709834000561,2.42293462716043
map_data_553.npz,0.0,0.0,122.0,102.0,25.0,25.0,23.527371959999076,23.72571913059801
map_data_554.npz,0.0,0.0,1.0,1.0,1.0,1.0,29.51037358299982,23.92787464801222
map_data_555.npz,0.0,0.0,1.0,1.0,1.0,1.0,23.946585990999665,28.54138534050435
map_data_556.npz,0.0,0.0,77.0,116.0,25.0,17.0,29.685658762000458,24.030772612430155
map_data_557.npz,0.0,0.0,2.0,17.0,9.0,41.0,23.957794565000768,23.632314642891288
map_data_558.npz,0.0,0.0,1.0,1.0,1.0,1.0,24.29298569499952,23.91631099767983
map_data_559.npz,0.0,0.0,3.0,2.0,9.0,9.0,23.58993600999929,23.674138637259603
map_data_56.npz,0.0,0.0,35.0,31.0,9.0,9.0,28.826580868000747,23.894520525820557
map_data_560.npz,0.0,0.0,1.0,1.0,1.0,1.0,28.006615354999667,24.22202435787767
map_data_561.npz,1.0,0.0,54.0,183.0,49.0,49.0,3.684998688999258,23.78769868519157
map_data_562.npz,0.0,0.0,171.0,171.0,25.0,25.0,28.681678244000068,24.48131368402392
map_data_563.npz,0.0,0.0,133.0,88.0,65.0,17.0,27.262580712000272,24.619676860049367
map_data_564.npz,0.0,0.0,389.0,363.0,73.0,73.0,29.53375148000123,23.938959798775613
map_data_565.npz,0.0,0.0,3.0,3.0,9.0,9.0,29.14016757300124,24.702881183475256
map_data_566.npz,0.0,0.0,45.0,95.0,25.0,41.0,28.49476090600001,24.191029962152243
map_data_567.npz,0.0,0.0,28.0,45.0,9.0,17.0,28.177004286999363,24.07298621628433
map_data_568.npz,0.0,0.0,1.0,1.0,1.0,1.0,29.11167842699797,23.91891454346478
map_data_569.npz,0.0,0.0,35.0,34.0,17.0,9.0,28.81842049500119,23.976200020872056
map_data_57.npz,0.0,0.0,247.0,12.0,41.0,33.0,24.05309688600028,25.27503345347941
map_data_570.npz,0.0,0.0,1.0,1.0,1.0,1.0,29.15436182799931,24.24747456051409
map_data_571.npz,0.0,0.0,1.0,1.0,1.0,1.0,23.815135320999616,24.147070647217333
map_data_572.npz,0.0,0.0,1.0,1.0,1.0,1.0,28.87905444900025,24.644784212112427
map_data_573.npz,0.0,0.0,1.0,1.0,1.0,1.0,24.03952964300061,24.475680344738063
map_data_574.npz,0.0,0.0,1.0,1.0,1.0,1.0,27.40759718499976,23.89678670000285
map_data_575.npz,0.0,0.0,420.0,429.0,65.0,73.0,28.56130594500064,24.01495528407395
map_data_576.npz,0.0,0.0,1.0,1.0,1.0,1.0,28.573456230999,23.991941513493657
map_data_577.npz,0.0,0.0,235.0,297.0,33.0,33.0,24.005809618999592,23.64893744885921
map_data_578.npz,0.0,0.0,94.0,112.0,25.0,17.0,24.15857830099958,23.643054663203657
map_data_579.npz,0.0,0.0,1.0,1.0,1.0,1.0,24.07880618899981,24.00548326503485
map_data_58.npz,0.0,0.0,350.0,370.0,73.0,57.0,28.633143836999807,23.872243042103943
map_data_580.npz,0.0,0.0,385.0,409.0,97.0,73.0,29.245274698001595,25.090001367032528
map_data_581.npz,0.0,0.0,183.0,209.0,57.0,57.0,28.92054862300029,24.000132547691464
map_data_583.npz,0.0,0.0,2.0,3.0,9.0,9.0,28.8671339600005,24.71580702997744
map_data_584.npz,0.0,0.0,31.0,34.0,9.0,9.0,29.075465414000064,24.49387946072966
map_data_585.npz,0.0,0.0,101.0,28.0,25.0,25.0,28.31192761999773,24.79812911804765
map_data_587.npz,0.0,0.0,1.0,1.0,1.0,1.0,26.39308840600097,23.78292443603277
map_data_588.npz,0.0,0.0,1.0,1.0,1.0,1.0,23.706088019999697,23.750496928580105
map_data_589.npz,0.0,0.0,190.0,223.0,49.0,49.0,28.47729707399958,24.03836076334119
map_data_59.npz,0.0,0.0,8.0,47.0,17.0,25.0,27.989101334002044,24.742317606695
map_data_590.npz,0.0,0.0,1.0,1.0,1.0,1.0,29.19396417399912,24.99866856727749
map_data_591.npz,0.0,0.0,1.0,1.0,1.0,1.0,28.472210506999545,24.332146702334285
map_data_592.npz,0.0,0.0,252.0,5.0,57.0,9.0,29.306310501000556,24.318371461704373
map_data_594.npz,0.0,0.0,12.0,247.0,17.0,73.0,28.18607487700137,23.90140703506768
map_data_595.npz,0.0,0.0,58.0,56.0,17.0,17.0,28.603488795000885,23.906439847312868
map_data_596.npz,0.0,0.0,186.0,89.0,65.0,57.0,23.96249183999953,23.69232321344316
map_data_597.npz,0.0,0.0,1.0,1.0,1.0,1.0,28.939723071001936,24.260785969905555
map_data_598.npz,0.0,0.0,287.0,287.0,65.0,65.0,29.36145834800118,24.52506965119392
map_data_599.npz,0.0,0.0,336.0,301.0,65.0,57.0,28.440100485000585,24.07279354799539
map_data_6.npz,0.0,0.0,1.0,1.0,1.0,1.0,29.51192374099992,24.154762344434857
map_data_60.npz,0.0,0.0,1.0,1.0,1.0,1.0,24.401027599999907,30.498499298468232
map_data_600.npz,0.0,0.0,1.0,1.0,1.0,1.0,27.571857020000607,23.975207003764808
map_data_601.npz,0.0,0.0,25.0,30.0,9.0,9.0,28.658346624999467,24.41376871429384
map_data_602.npz,0.0,0.0,1.0,1.0,1.0,1.0,28.673827466000148,24.26258462946862
map_data_603.npz,0.0,0.0,1.0,1.0,1.0,1.0,29.108558684001764,24.01298527605832
map_data_604.npz,0.0,0.0,259.0,227.0,49.0,57.0,28.86019609300274,24.0618728781119
map_data_605.npz,0.0,0.0,1.0,1.0,1.0,1.0,27.98670555899662,25.19102882128209
map_data_606.npz,0.0,0.0,6.0,2.0,9.0,9.0,23.91500458199971,29.342105794698
map_data_607.npz,0.0,0.0,276.0,366.0,81.0,73.0,24.12885570599974,23.67040927801281
map_data_608.npz,0.0,0.0,37.0,42.0,17.0,17.0,27.30052878300012,23.8832253376022
map_data_609.npz,0.0,0.0,13.0,12.0,9.0,9.0,24.09431668599973,23.60645471606404
map_data_61.npz,0.0,0.0,1.0,1.0,1.0,1.0,27.68903390199921,24.049333738163117
map_data_611.npz,0.0,0.0,304.0,323.0,57.0,57.0,28.515469259000383,23.94981665443629
map_data_612.npz,0.0,0.0,1.0,1.0,1.0,1.0,28.761350725999364,24.325592970475554
map_data_613.npz,0.0,0.0,4.0,2.0,9.0,9.0,28.470759046998865,24.6712579280138
map_data_614.npz,0.0,0.0,37.0,30.0,9.0,9.0,29.5075925809997,24.11125883553177
map_data_615.npz,0.0,0.0,1.0,1.0,1.0,1.0,28.77946550800152,24.085614279843867
map_data_616.npz,0.0,0.0,156.0,269.0,57.0,73.0,28.04009020800004,24.432820780202743
map_data_617.npz,1.0,1.0,72.0,57.0,65.0,65.0,5.453078522001306,3.302049928344786
map_data_618.npz,0.0,0.0,1.0,1.0,1.0,1.0,29.0668993779982,24.26304201688617
map_data_619.npz,0.0,0.0,335.0,290.0,65.0,65.0,23.46442324200052,23.70425189100206
map_data_62.npz,0.0,0.0,286.0,309.0,57.0,73.0,23.704779966001297,23.74852943979204
map_data_620.npz,0.0,0.0,26.0,88.0,17.0,33.0,24.605254680000144,23.69254555553198
map_data_621.npz,0.0,0.0,84.0,99.0,17.0,25.0,24.55637885299984,23.828719831071798
map_data_622.npz,0.0,0.0,166.0,182.0,25.0,25.0,29.0341758759987,23.65776377543807
map_data_623.npz,0.0,0.0,1.0,1.0,1.0,1.0,29.041584628997956,24.66254069283605
map_data_624.npz,0.0,0.0,27.0,22.0,17.0,17.0,24.071591593999983,23.796797106042504
map_data_625.npz,0.0,0.0,1.0,1.0,1.0,1.0,29.196977366998908,24.4934315988794
map_data_626.npz,0.0,0.0,1.0,1.0,1.0,1.0,23.889953633000005,27.604271012358367
map_data_627.npz,0.0,0.0,136.0,173.0,57.0,57.0,27.328312817999176,24.00349303148687
map_data_628.npz,0.0,0.0,1.0,1.0,1.0,1.0,28.949754381003004,24.213885164819654
map_data_629.npz,0.0,0.0,168.0,76.0,97.0,25.0,28.68017377900105,24.576637133024636
map_data_63.npz,0.0,0.0,146.0,98.0,33.0,33.0,24.17223035699953,30.00361971277744
map_data_630.npz,0.0,0.0,272.0,136.0,65.0,57.0,23.9880436630001,23.85500748362392
map_data_631.npz,0.0,0.0,1.0,1.0,1.0,1.0,27.393013635999523,24.844708321616054
map_data_632.npz,0.0,0.0,1.0,1.0,1.0,1.0,29.043101211002067,24.710877453908324
map_data_633.npz,0.0,0.0,352.0,326.0,89.0,73.0,29.42359122299968,24.559697089716792
map_data_634.npz,0.0,0.0,1.0,1.0,1.0,1.0,24.200986543,30.10748576745391
map_data_635.npz,0.0,0.0,21.0,30.0,17.0,17.0,28.793254883999907,24.152881869114932
map_data_636.npz,0.0,0.0,1.0,3.0,1.0,9.0,27.99905081399993,24.143935847096145
map_data_637.npz,0.0,0.0,1.0,1.0,1.0,1.0,28.544377418002117,24.57577751018107
map_data_638.npz,0.0,0.0,1.0,1.0,1.0,1.0,25.5978069770008,23.83704851195216
map_data_639.npz,0.0,0.0,248.0,176.0,73.0,57.0,29.16961669900047,24.244335051625967
map_data_64.npz,0.0,0.0,1.0,2.0,1.0,9.0,29.194668681997427,24.40316195972264
map_data_640.npz,0.0,0.0,99.0,93.0,33.0,17.0,28.77899031400011,24.34335341490805
map_data_641.npz,0.0,0.0,261.0,405.0,65.0,73.0,24.03661570500026,23.64029621891677
map_data_642.npz,1.0,1.0,81.0,111.0,65.0,65.0,7.580423149000126,7.926140019670129
map_data_643.npz,0.0,0.0,1.0,1.0,1.0,1.0,28.06349778799995,23.97503955196589
map_data_644.npz,0.0,0.0,1.0,1.0,1.0,1.0,24.266349969999283,31.348900376819078
map_data_645.npz,0.0,0.0,2.0,4.0,9.0,9.0,24.008647566000946,24.16386469453573
map_data_646.npz,0.0,0.0,21.0,21.0,9.0,9.0,27.23714979100077,23.754743583500385
map_data_647.npz,0.0,0.0,219.0,276.0,65.0,89.0,28.610454530000425,24.32402500975877
map_data_648.npz,0.0,0.0,233.0,192.0,49.0,57.0,28.16247304100034,24.51119194086641
map_data_649.npz,0.0,0.0,150.0,3.0,33.0,9.0,24.069801659001318,24.19495026860386
map_data_65.npz,0.0,0.0,187.0,138.0,49.0,41.0,27.73671180999918,23.90098045486957
map_data_650.npz,0.0,0.0,301.0,104.0,81.0,73.0,29.2708682520024,24.3774808133021
map_data_651.npz,0.0,0.0,246.0,114.0,57.0,41.0,28.904655195998203,24.76076829340309
map_data_652.npz,0.0,0.0,356.0,362.0,73.0,65.0,24.02756880800007,24.12977963872254
map_data_653.npz,0.0,0.0,257.0,106.0,81.0,25.0,27.984693260001222,24.35736472625285
map_data_654.npz,0.0,0.0,1.0,1.0,1.0,1.0,28.370157150002346,24.122135678306226
map_data_655.npz,0.0,0.0,30.0,32.0,9.0,9.0,29.28124996999759,23.99108507111669
map_data_656.npz,0.0,0.0,256.0,157.0,73.0,33.0,28.26654738200159,24.047285720705982
map_data_657.npz,0.0,0.0,1.0,1.0,1.0,1.0,27.998646976997406,24.48585832305253
map_data_658.npz,0.0,0.0,31.0,22.0,25.0,25.0,29.15602212399972,24.54653239622712
map_data_659.npz,0.0,0.0,1.0,1.0,1.0,1.0,28.946874632998515,24.56700179725885
map_data_66.npz,1.0,1.0,98.0,67.0,57.0,57.0,9.430533671999,6.242244421504438
map_data_660.npz,0.0,0.0,174.0,149.0,33.0,33.0,28.667713741000625,24.06476336810738
map_data_661.npz,0.0,0.0,34.0,32.0,9.0,9.0,28.80737226600104,24.506915029138327
map_data_663.npz,0.0,0.0,5.0,4.0,9.0,9.0,29.34681930300212,24.11880773399025
map_data_664.npz,0.0,0.0,235.0,187.0,81.0,57.0,23.550238310999703,29.495196835137904
map_data_665.npz,0.0,0.0,307.0,265.0,57.0,49.0,29.157078954998724,25.12340945377946
map_data_666.npz,0.0,0.0,302.0,257.0,65.0,81.0,29.059195427000304,23.871140852570534
map_data_667.npz,0.0,0.0,1.0,1.0,1.0,1.0,29.465240462999645,24.386254092678428
map_data_668.npz,0.0,0.0,286.0,199.0,57.0,49.0,27.91046453400122,24.09380547516048
map_data_669.npz,0.0,0.0,1.0,1.0,1.0,1.0,28.917946257002768,24.31791017949581
map_data_67.npz,0.0,0.0,1.0,1.0,1.0,1.0,29.199366372999062,24.132347583770752
map_data_670.npz,0.0,0.0,329.0,258.0,81.0,65.0,29.16634334199989,24.201420249417424
map_data_671.npz,0.0,0.0,164.0,105.0,33.0,33.0,28.92290991700065,24.16123366262764
map_data_672.npz,0.0,0.0,365.0,402.0,65.0,81.0,23.65907086700008,23.689280084334317
map_data_673.npz,0.0,0.0,350.0,177.0,81.0,65.0,23.923855488999838,23.513587622903287
map_data_674.npz,0.0,0.0,1.0,1.0,1.0,1.0,27.410892542999136,24.060487096197903
map_data_675.npz,0.0,0.0,1.0,1.0,1.0,1.0,28.92359429600037,24.251005431637168
map_data_676.npz,0.0,0.0,100.0,217.0,65.0,81.0,24.01394316799997,30.71064675226808
map_data_677.npz,0.0,0.0,1.0,2.0,1.0,9.0,24.14068598799986,27.661212616600096
map_data_678.npz,0.0,0.0,30.0,34.0,9.0,9.0,23.94805259299937,28.925348166376352
map_data_679.npz,0.0,0.0,1.0,1.0,1.0,1.0,29.075885998998277,24.04763946123421
map_data_68.npz,0.0,0.0,1.0,1.0,1.0,1.0,28.54086489499969,24.48320738319308
map_data_680.npz,0.0,0.0,85.0,66.0,17.0,17.0,24.57435421199989,24.36838582996279
map_data_682.npz,0.0,0.0,29.0,32.0,9.0,25.0,24.47468152600049,24.318555645644665
map_data_683.npz,0.0,0.0,1.0,1.0,1.0,1.0,28.519209761001548,24.042172767221928
map_data_684.npz,0.0,0.0,263.0,278.0,49.0,57.0,28.045763804999297,24.36149880569428
map_data_685.npz,0.0,0.0,1.0,1.0,1.0,1.0,29.17211211800168,23.90535640809685
map_data_686.npz,0.0,0.0,1.0,1.0,1.0,1.0,23.59207577199959,23.657960186712444
map_data_687.npz,0.0,0.0,329.0,332.0,81.0,81.0,28.58401374899768,23.76820297446102
map_data_688.npz,0.0,0.0,117.0,125.0,49.0,41.0,28.97185933199944,24.2964282091707
map_data_689.npz,0.0,0.0,347.0,451.0,65.0,89.0,23.55011848399954,24.160649231635038
map_data_69.npz,0.0,0.0,1.0,1.0,1.0,1.0,28.683057635000296,23.957034253515303
map_data_690.npz,0.0,0.0,1.0,1.0,1.0,1.0,28.42750361599974,24.761612283065915
map_data_691.npz,0.0,0.0,1.0,1.0,1.0,1.0,24.139971634000176,23.89486802835017
map_data_692.npz,0.0,0.0,38.0,37.0,17.0,17.0,27.834291202001623,24.115087433718145
map_data_693.npz,0.0,0.0,34.0,158.0,9.0,25.0,28.362919721999788,24.174265498295423
map_data_694.npz,0.0,0.0,283.0,307.0,57.0,89.0,23.59970309200071,24.44793859682977
map_data_695.npz,0.0,0.0,1.0,1.0,1.0,1.0,29.168857557999218,24.160652772523463
map_data_696.npz,0.0,0.0,1.0,35.0,1.0,25.0,29.2445808779994,24.303340388461947
map_data_697.npz,0.0,0.0,2.0,1.0,9.0,1.0,23.695919178999247,23.98366504814476
map_data_698.npz,0.0,1.0,339.0,216.0,49.0,57.0,28.63904053100123,14.945693040266631
map_data_699.npz,0.0,0.0,1.0,1.0,1.0,1.0,24.01259661200038,23.905528576113284
map_data_7.npz,0.0,0.0,32.0,30.0,9.0,9.0,28.579390128998057,23.93364767916501
map_data_70.npz,0.0,0.0,25.0,27.0,9.0,9.0,29.360417535001037,23.707233953289688
map_data_700.npz,0.0,0.0,2.0,104.0,9.0,41.0,27.585947182000385,24.280380201525983
map_data_702.npz,0.0,0.0,30.0,24.0,9.0,9.0,29.386583294999586,24.30106939096004
map_data_703.npz,0.0,0.0,1.0,1.0,1.0,1.0,27.88795101899996,23.969681572169065
map_data_704.npz,0.0,0.0,1.0,1.0,1.0,1.0,28.86228405300062,23.915071909315884
map_data_705.npz,0.0,0.0,1.0,1.0,1.0,1.0,23.8148238570011,24.012085321359336
map_data_706.npz,0.0,0.0,1.0,1.0,1.0,1.0,29.024745162998443,23.898433851078156
map_data_707.npz,0.0,0.0,30.0,30.0,9.0,9.0,23.69150959000035,23.600675611756746
map_data_708.npz,0.0,0.0,1.0,1.0,1.0,1.0,28.53770595000242,24.20160772372037
map_data_709.npz,1.0,1.0,32.0,57.0,57.0,57.0,1.965649363999546,2.823794308118522
map_data_71.npz,0.0,0.0,33.0,28.0,9.0,9.0,28.461773281000205,24.19900199305266
map_data_710.npz,0.0,0.0,245.0,240.0,65.0,41.0,29.21337490300357,25.0483772456646
map_data_711.npz,1.0,0.0,83.0,308.0,65.0,65.0,9.26080683300006,26.280619110912085
map_data_712.npz,0.0,0.0,1.0,1.0,1.0,1.0,27.927682257000924,24.012139847502112
map_data_713.npz,0.0,0.0,31.0,37.0,9.0,9.0,28.756081821000407,23.91255490016192
map_data_714.npz,0.0,0.0,297.0,256.0,89.0,81.0,23.325776313999995,23.622989758849144
map_data_715.npz,0.0,0.0,1.0,1.0,1.0,1.0,23.915147512000654,24.00358512904495
map_data_716.npz,0.0,0.0,1.0,1.0,1.0,1.0,27.51057075100107,24.671588032506406
map_data_717.npz,0.0,0.0,1.0,1.0,1.0,1.0,23.983481016999576,24.24266903847456
map_data_718.npz,0.0,0.0,15.0,12.0,9.0,9.0,24.131600136999623,30.21629756502807
map_data_719.npz,0.0,0.0,6.0,4.0,9.0,9.0,29.497845985999447,24.62943526171148
map_data_72.npz,0.0,0.0,234.0,232.0,33.0,33.0,24.04380385500008,31.664612352848053
map_data_720.npz,0.0,0.0,116.0,102.0,17.0,17.0,29.397985371000686,24.02209093887359
map_data_721.npz,0.0,0.0,315.0,250.0,57.0,65.0,25.95451161000165,23.83763888664544
map_data_722.npz,0.0,0.0,29.0,31.0,9.0,9.0,29.46707114400124,24.20839430298656
map_data_723.npz,0.0,0.0,137.0,394.0,73.0,65.0,28.91055388300083,23.83949240949005
map_data_724.npz,0.0,0.0,146.0,109.0,41.0,25.0,28.7664837049997,24.45092477556318
map_data_725.npz,0.0,0.0,1.0,1.0,1.0,1.0,28.34762017000321,24.20845453441143
map_data_726.npz,0.0,0.0,1.0,1.0,1.0,1.0,28.45828410000104,24.096958491951227
map_data_727.npz,0.0,0.0,172.0,287.0,73.0,65.0,28.03884125699915,24.223259187303483
map_data_728.npz,0.0,0.0,354.0,355.0,73.0,49.0,28.06529168399902,24.17075377423316
map_data_729.npz,0.0,0.0,369.0,431.0,65.0,89.0,23.50328067000009,23.876201709732413
map_data_73.npz,0.0,0.0,1.0,1.0,1.0,1.0,29.374693592999392,24.156049015931785
map_data_730.npz,0.0,0.0,1.0,1.0,1.0,1.0,28.57123279500047,23.93597644753754
map_data_731.npz,0.0,0.0,361.0,408.0,65.0,81.0,28.596260911999707,24.25183637160808
map_data_732.npz,0.0,0.0,33.0,35.0,9.0,9.0,28.725345765000384,23.73933136370033
map_data_733.npz,0.0,1.0,272.0,244.0,57.0,57.0,24.204498301999596,23.946293875575066
map_data_734.npz,0.0,0.0,1.0,1.0,1.0,1.0,24.43032722799944,23.82509334757924
map_data_735.npz,0.0,1.0,339.0,26.0,57.0,57.0,29.40094575400144,3.5509773679077625
map_data_736.npz,0.0,0.0,1.0,2.0,1.0,9.0,28.49503846099833,24.45999688282609
map_data_737.npz,0.0,0.0,158.0,36.0,73.0,17.0,29.090805921001447,24.61455450486392
map_data_738.npz,0.0,0.0,1.0,1.0,1.0,1.0,28.25816308799949,24.09896309953183
map_data_739.npz,0.0,0.0,1.0,1.0,1.0,1.0,29.08243436200064,24.349594611674547
map_data_74.npz,0.0,0.0,2.0,3.0,9.0,9.0,29.33217247200082,24.55375712364912
map_data_740.npz,0.0,0.0,30.0,35.0,17.0,9.0,29.26131276800152,24.16073092352599
map_data_741.npz,1.0,1.0,143.0,38.0,57.0,57.0,13.426146922000044,3.5217255344614387
map_data_742.npz,1.0,0.0,160.0,217.0,57.0,41.0,17.190562839999984,29.035691185854372
map_data_743.npz,0.0,0.0,142.0,142.0,33.0,33.0,25.90100393600005,24.011845420114696
map_data_744.npz,0.0,0.0,33.0,18.0,17.0,17.0,24.496380122999653,23.62259426061064
map_data_745.npz,0.0,0.0,1.0,1.0,1.0,1.0,29.463938109998708,24.33149450179189
map_data_746.npz,0.0,0.0,229.0,210.0,41.0,41.0,28.549480354999105,23.911037577316165
map_data_747.npz,0.0,0.0,249.0,231.0,57.0,49.0,24.012883223000244,23.754608417861164
map_data_748.npz,0.0,0.0,313.0,332.0,73.0,49.0,27.61916648099941,24.130049821920693
map_data_749.npz,0.0,0.0,1.0,1.0,1.0,1.0,29.410982137997053,24.208742136135697
map_data_75.npz,0.0,0.0,241.0,322.0,65.0,65.0,28.43821734499943,24.17468934506178
map_data_750.npz,0.0,0.0,1.0,1.0,1.0,1.0,24.21393864599941,27.5481438273564
map_data_751.npz,0.0,0.0,265.0,306.0,49.0,41.0,28.664396299000146,24.08432857505977
map_data_752.npz,0.0,0.0,1.0,1.0,1.0,1.0,27.878232151000702,23.94500242639333
map_data_753.npz,0.0,0.0,332.0,412.0,73.0,65.0,28.68482094499996,24.19169198628515
map_data_754.npz,0.0,0.0,187.0,235.0,33.0,25.0,29.19619834399782,24.20255073066801
map_data_755.npz,1.0,1.0,127.0,48.0,49.0,49.0,11.04419252200023,2.365993839688599
map_data_756.npz,0.0,0.0,164.0,159.0,33.0,25.0,28.96696463399712,24.217620700597763
map_data_757.npz,0.0,0.0,31.0,34.0,9.0,9.0,27.27577581200057,24.12075803708285
map_data_758.npz,0.0,0.0,1.0,1.0,1.0,1.0,29.168636499998684,24.265180753543973
map_data_759.npz,0.0,0.0,217.0,269.0,57.0,49.0,29.812777518000075,23.923652035184205
map_data_76.npz,0.0,0.0,1.0,1.0,1.0,1.0,24.11128311900029,23.842200314626098
map_data_760.npz,0.0,0.0,1.0,1.0,1.0,1.0,24.396366819999457,24.020202158018947
map_data_761.npz,0.0,0.0,335.0,399.0,65.0,73.0,24.16623443900062,23.868673594668508
map_data_762.npz,0.0,0.0,1.0,1.0,1.0,1.0,29.37091746799706,24.160854425281286
map_data_763.npz,0.0,0.0,327.0,343.0,73.0,65.0,23.846355685999697,23.482293467968702
map_data_764.npz,0.0,0.0,1.0,1.0,1.0,1.0,23.806742438000583,24.388231611810625
map_data_765.npz,0.0,0.0,335.0,217.0,65.0,57.0,27.936227153997606,24.06060124002397
map_data_766.npz,0.0,0.0,67.0,1.0,65.0,1.0,28.84775008900033,24.18348899763077
map_data_767.npz,0.0,0.0,1.0,1.0,1.0,1.0,23.56886594000025,23.58606371190399
map_data_768.npz,0.0,0.0,127.0,104.0,25.0,25.0,29.00790885300012,24.51624451763928
map_data_769.npz,0.0,0.0,3.0,1.0,9.0,1.0,28.73356064499967,24.10367059148848
map_data_77.npz,0.0,0.0,283.0,299.0,41.0,41.0,28.58638870700088,24.10332090221345
map_data_770.npz,0.0,0.0,153.0,114.0,41.0,33.0,28.75765457200032,24.262046510353684
map_data_771.npz,0.0,0.0,5.0,2.0,9.0,9.0,29.18584172700139,24.284991131164134
map_data_772.npz,0.0,0.0,1.0,1.0,1.0,1.0,29.139178334000466,24.72882193606347
map_data_773.npz,0.0,0.0,36.0,57.0,9.0,33.0,23.94058502200005,23.90542218182236
map_data_774.npz,0.0,0.0,242.0,257.0,49.0,57.0,28.647016364999217,24.1463152943179
map_data_775.npz,0.0,0.0,1.0,1.0,1.0,1.0,27.968036504000334,24.67998549435288
map_data_776.npz,0.0,0.0,155.0,111.0,41.0,17.0,27.39931343799981,24.442666818387806
map_data_777.npz,1.0,1.0,79.0,159.0,57.0,57.0,5.456799858000522,9.553552947938442
map_data_778.npz,0.0,0.0,154.0,167.0,33.0,33.0,23.477984977999768,23.66323047038168
map_data_779.npz,0.0,0.0,127.0,225.0,65.0,65.0,28.880074177002825,24.162015327252448
map_data_78.npz,0.0,0.0,1.0,1.0,1.0,1.0,28.571621995997702,24.232233479619023
map_data_780.npz,0.0,0.0,132.0,99.0,33.0,17.0,28.82285057899935,24.2177002793178
map_data_781.npz,0.0,0.0,236.0,188.0,49.0,49.0,29.282234526999677,24.18456508219242
map_data_782.npz,0.0,0.0,44.0,34.0,25.0,9.0,28.5647577560012,24.12502277363092
map_data_783.npz,0.0,0.0,1.0,1.0,1.0,1.0,24.38682931600124,23.929560498334467
map_data_784.npz,0.0,0.0,161.0,35.0,25.0,9.0,27.451648621999997,24.20065087545663
map_data_785.npz,0.0,0.0,90.0,29.0,17.0,9.0,29.24501798600068,24.22184482589364
map_data_786.npz,0.0,0.0,1.0,1.0,1.0,1.0,28.473668684000582,23.78976629767567
map_data_787.npz,0.0,0.0,2.0,2.0,9.0,9.0,27.37305830399964,24.27220267895609
map_data_788.npz,0.0,0.0,407.0,377.0,81.0,73.0,28.787174001001404,23.99444381799549
map_data_789.npz,0.0,0.0,263.0,133.0,73.0,17.0,29.14877389699905,24.050729600712657
map_data_79.npz,0.0,1.0,363.0,125.0,65.0,57.0,27.45788704199913,6.874245990999043
map_data_790.npz,1.0,0.0,198.0,46.0,89.0,49.0,28.388457131000905,24.14851545915008
map_data_791.npz,0.0,0.0,1.0,1.0,1.0,1.0,28.530067749998125,24.4508910253644
map_data_792.npz,0.0,0.0,247.0,278.0,33.0,33.0,23.544595257000765,24.020517623052
map_data_793.npz,0.0,0.0,343.0,429.0,65.0,73.0,23.38321480500053,23.69800240173936
map_data_794.npz,0.0,0.0,2.0,1.0,9.0,1.0,28.02083374400172,24.314804397523403
map_data_795.npz,0.0,0.0,34.0,29.0,9.0,9.0,29.383977492001577,24.437523255124688
map_data_796.npz,1.0,1.0,95.0,227.0,57.0,57.0,6.025071436000872,14.833176064305007
map_data_797.npz,0.0,0.0,211.0,325.0,73.0,73.0,29.23387219199867,24.41469795256853
map_data_798.npz,0.0,0.0,5.0,4.0,9.0,9.0,28.59016477499972,24.57290706317872
map_data_799.npz,0.0,0.0,110.0,86.0,25.0,25.0,28.767793447001168,24.23905452992767
map_data_8.npz,0.0,0.0,1.0,1.0,1.0,1.0,28.911537718000545,24.480091215111315
map_data_80.npz,0.0,0.0,1.0,1.0,1.0,1.0,29.15325871800087,24.547226041555405
map_data_800.npz,0.0,0.0,274.0,237.0,65.0,49.0,28.556658166999117,24.368844652548432
map_data_801.npz,0.0,0.0,3.0,2.0,9.0,9.0,28.91273953199925,24.33827068097889
map_data_802.npz,1.0,0.0,108.0,323.0,57.0,49.0,6.2711491580002985,28.82987824920565
map_data_803.npz,0.0,0.0,37.0,28.0,17.0,9.0,28.998262462002454,23.883210425265133
map_data_804.npz,0.0,0.0,1.0,1.0,1.0,1.0,29.045905593000494,24.813142931088805
map_data_805.npz,0.0,0.0,1.0,1.0,1.0,1.0,27.37024761700013,24.141120654530823
map_data_806.npz,0.0,0.0,1.0,1.0,1.0,1.0,28.869353564998164,24.111475862562656
map_data_807.npz,0.0,0.0,125.0,99.0,33.0,17.0,23.3898070310006,23.5894367992878
map_data_808.npz,0.0,0.0,340.0,317.0,65.0,49.0,24.28788781999901,24.308760531246666
map_data_809.npz,0.0,0.0,1.0,1.0,1.0,1.0,28.755574504000837,24.14879159629345
map_data_810.npz,0.0,0.0,1.0,1.0,1.0,1.0,25.20432713899936,23.93698335811496
map_data_811.npz,0.0,0.0,87.0,58.0,25.0,25.0,29.248196476000885,23.912560247816145
map_data_812.npz,0.0,0.0,299.0,279.0,41.0,49.0,28.753730417000043,23.96068252529949
map_data_813.npz,0.0,0.0,29.0,35.0,9.0,9.0,23.582115459000303,23.55185681208968
map_data_814.npz,0.0,0.0,273.0,231.0,57.0,41.0,24.189929553000184,30.73445277102292
map_data_815.npz,0.0,0.0,1.0,1.0,1.0,1.0,28.649903163001,24.012294706888497
map_data_816.npz,1.0,0.0,66.0,228.0,65.0,57.0,6.157919434999712,23.939530775882304
map_data_817.npz,0.0,0.0,1.0,1.0,1.0,1.0,28.960261382999303,24.13051661010832
map_data_818.npz,0.0,0.0,1.0,1.0,1.0,1.0,29.267482442999608,24.67141704261303
map_data_819.npz,0.0,0.0,3.0,4.0,9.0,9.0,24.089873361000173,23.719304816797376
map_data_82.npz,0.0,0.0,172.0,197.0,33.0,33.0,29.213656643998547,24.27366163302213
map_data_821.npz,0.0,0.0,1.0,1.0,1.0,1.0,28.82146089899834,24.5603199088946
map_data_822.npz,0.0,0.0,7.0,35.0,9.0,17.0,28.65317507999862,24.00192411243916
map_data_823.npz,0.0,0.0,1.0,1.0,1.0,1.0,28.5296047640004,24.511290072463453
map_data_824.npz,0.0,0.0,124.0,116.0,33.0,41.0,28.915417023999908,24.02983778808266
map_data_825.npz,0.0,0.0,234.0,79.0,65.0,17.0,23.74399959100083,23.663877492770556
map_data_826.npz,1.0,1.0,25.0,45.0,49.0,49.0,2.248046661999979,2.7133273277431726
map_data_827.npz,0.0,0.0,350.0,447.0,65.0,81.0,23.995051333000447,23.92649766523391
map_data_828.npz,0.0,0.0,277.0,325.0,73.0,89.0,23.90454270400005,29.827796729281545
map_data_83.npz,0.0,0.0,1.0,1.0,1.0,1.0,28.399722625999857,24.198943989351392
map_data_830.npz,0.0,0.0,234.0,165.0,73.0,65.0,27.463249544000064,24.27438076771796
map_data_831.npz,0.0,0.0,3.0,4.0,9.0,9.0,28.565144410997164,24.06391363311559
map_data_832.npz,0.0,0.0,60.0,26.0,57.0,9.0,29.61294586300028,23.875862359069288
map_data_833.npz,0.0,0.0,1.0,1.0,1.0,1.0,24.611727772999075,24.461903028190136
map_data_834.npz,0.0,0.0,1.0,1.0,1.0,1.0,29.73697629700109,24.295967844314877
map_data_835.npz,0.0,0.0,1.0,1.0,1.0,1.0,27.63430420399891,23.78337708953768
map_data_836.npz,0.0,0.0,270.0,157.0,73.0,41.0,28.549912959999347,23.876513423398137
map_data_837.npz,0.0,0.0,5.0,3.0,9.0,9.0,23.551885520000724,24.39751857612282
map_data_838.npz,0.0,0.0,4.0,4.0,9.0,9.0,29.35549863000051,24.31202657520771
map_data_839.npz,1.0,1.0,127.0,177.0,65.0,65.0,7.931531637000262,9.682868633419275
map_data_84.npz,0.0,0.0,1.0,1.0,1.0,1.0,28.4346508919989,24.062567930668592
map_data_840.npz,0.0,0.0,34.0,32.0,9.0,9.0,27.68436699099948,24.74139455147088
map_data_841.npz,0.0,0.0,1.0,1.0,1.0,1.0,27.25849230600033,23.980159708298743
map_data_842.npz,0.0,0.0,52.0,49.0,25.0,17.0,24.16624405499988,28.235114792361856
map_data_843.npz,0.0,0.0,38.0,31.0,9.0,9.0,29.05095868400167,23.892069440335035
map_data_844.npz,0.0,0.0,106.0,37.0,73.0,33.0,23.684489823999684,23.834808964282274
map_data_845.npz,0.0,0.0,146.0,58.0,33.0,17.0,28.88045402499847,23.876433946192265
map_data_846.npz,0.0,0.0,1.0,1.0,1.0,1.0,24.013407950999863,30.01191263180226
map_data_847.npz,0.0,0.0,1.0,1.0,1.0,1.0,28.79663589900156,24.42057240474969
map_data_848.npz,0.0,0.0,1.0,1.0,1.0,1.0,28.956826338999235,24.5453131524846
map_data_849.npz,0.0,0.0,216.0,272.0,65.0,65.0,28.0663779710012,25.007865959778428
map_data_85.npz,0.0,0.0,1.0,1.0,1.0,1.0,29.07651731799706,24.16960650961846
map_data_850.npz,0.0,0.0,1.0,1.0,1.0,1.0,29.152562015999138,24.117778199724853
map_data_851.npz,0.0,0.0,188.0,184.0,65.0,41.0,23.73953272800009,23.894733083434403
map_data_852.npz,0.0,0.0,29.0,375.0,25.0,81.0,28.560777889000747,24.424679757095877
map_data_853.npz,0.0,0.0,141.0,124.0,57.0,41.0,29.25252973899842,24.17665546108037
map_data_854.npz,0.0,0.0,384.0,412.0,73.0,89.0,25.456035418999814,24.083083344623446
map_data_855.npz,0.0,0.0,3.0,2.0,9.0,9.0,28.33866549599952,23.980122693814337
map_data_856.npz,0.0,0.0,1.0,1.0,1.0,1.0,27.370253630999287,24.118232884444296
map_data_857.npz,0.0,0.0,1.0,1.0,1.0,1.0,28.883189527001377,24.55603241082281
map_data_858.npz,0.0,0.0,1.0,1.0,1.0,1.0,28.51908593500048,24.95034934952855
map_data_859.npz,0.0,0.0,48.0,1.0,25.0,1.0,28.68993116799902,24.649245659820732
map_data_86.npz,0.0,0.0,1.0,1.0,1.0,1.0,29.029411045001325,24.07460083719343
map_data_860.npz,0.0,0.0,1.0,1.0,1.0,1.0,28.496271076000998,24.030349186621606
map_data_861.npz,0.0,0.0,112.0,113.0,17.0,17.0,27.30447415600065,24.183724806644022
map_data_862.npz,0.0,0.0,1.0,1.0,1.0,1.0,27.35400853600004,24.274180905893445
map_data_863.npz,0.0,0.0,197.0,207.0,41.0,41.0,27.48174953600028,24.037207764573395
map_data_865.npz,0.0,0.0,3.0,2.0,9.0,9.0,29.162974648999807,24.1820308258757
map_data_866.npz,0.0,0.0,27.0,33.0,17.0,17.0,29.856082095997408,24.18312777299434
map_data_867.npz,0.0,0.0,145.0,32.0,57.0,9.0,29.23800412499986,24.193367050029337
map_data_868.npz,0.0,0.0,24.0,25.0,25.0,25.0,28.346843613999223,24.545448906719685
map_data_869.npz,0.0,0.0,2.0,2.0,9.0,9.0,29.37747478600068,24.788024734705687
map_data_87.npz,0.0,0.0,25.0,32.0,9.0,9.0,28.46115672100132,24.312908214516938
map_data_870.npz,0.0,0.0,211.0,158.0,49.0,41.0,29.42023597400112,24.5099360877648
map_data_871.npz,0.0,0.0,1.0,1.0,1.0,1.0,28.400570886000423,23.87823122460395
map_data_872.npz,0.0,0.0,1.0,1.0,1.0,1.0,28.48358608000126,24.450542845763263
map_data_873.npz,0.0,0.0,216.0,31.0,65.0,17.0,23.622158723999743,23.651387233287096
map_data_874.npz,0.0,0.0,350.0,443.0,81.0,73.0,28.533185874999617,24.50375034380704
map_data_875.npz,0.0,0.0,1.0,1.0,1.0,1.0,29.23749411999961,24.37233684118837
map_data_876.npz,0.0,0.0,332.0,459.0,73.0,89.0,27.210596171998983,24.048019725829363
map_data_877.npz,0.0,0.0,151.0,51.0,57.0,17.0,27.61114428600013,23.92990560922772
map_data_878.npz,0.0,0.0,36.0,31.0,9.0,9.0,29.463559489002364,24.24298633262515
map_data_879.npz,1.0,1.0,129.0,110.0,73.0,73.0,11.328275564999783,8.198985304683447
map_data_88.npz,0.0,0.0,85.0,70.0,41.0,17.0,27.387377118000582,23.72441923897713
map_data_880.npz,0.0,0.0,1.0,1.0,1.0,1.0,28.6635554759996,24.374109243042767
map_data_881.npz,0.0,0.0,82.0,66.0,33.0,25.0,28.87267450200125,24.17878930829465
map_data_882.npz,0.0,0.0,332.0,292.0,65.0,73.0,29.688724545001605,24.22435076721013
map_data_883.npz,0.0,0.0,1.0,1.0,1.0,1.0,27.54494695899848,24.092908833175898
map_data_884.npz,0.0,0.0,264.0,253.0,49.0,49.0,28.11624160000065,23.954673083499078
map_data_885.npz,0.0,0.0,33.0,39.0,9.0,9.0,28.565017712000557,24.104555384255946
map_data_886.npz,0.0,0.0,1.0,1.0,1.0,1.0,24.043435305999992,27.16951979789883
map_data_887.npz,0.0,0.0,207.0,250.0,57.0,65.0,29.003165615999023,23.89634397625923
map_data_888.npz,0.0,0.0,1.0,1.0,1.0,1.0,28.423723504001828,24.24249880574644
map_data_889.npz,0.0,0.0,38.0,33.0,9.0,9.0,29.418890863000343,23.98457646649331
map_data_89.npz,0.0,0.0,1.0,1.0,1.0,1.0,24.361461669000164,23.564403424039483
map_data_890.npz,0.0,0.0,1.0,1.0,1.0,1.0,28.485481069001253,24.365245322696865
map_data_891.npz,0.0,0.0,1.0,1.0,1.0,1.0,28.52695406299972,24.066033793613315
map_data_892.npz,1.0,1.0,201.0,144.0,57.0,57.0,15.991541957999289,7.973226057365537
map_data_893.npz,0.0,0.0,1.0,1.0,1.0,1.0,29.29236693299754,24.7053996315226
map_data_894.npz,0.0,0.0,61.0,3.0,49.0,9.0,29.48977595299948,24.2187788374722
map_data_895.npz,0.0,0.0,1.0,1.0,1.0,1.0,29.153333217996988,24.44425291661173
map_data_896.npz,0.0,0.0,388.0,350.0,49.0,49.0,28.598520165998707,23.928853915072978
map_data_897.npz,0.0,0.0,4.0,3.0,9.0,9.0,28.47622587099977,24.792052580043677
map_data_898.npz,1.0,0.0,88.0,257.0,57.0,57.0,9.701234713000304,24.689395361579955
map_data_899.npz,0.0,0.0,1.0,1.0,1.0,1.0,28.46372263000012,24.28915319684893
map_data_9.npz,0.0,0.0,327.0,324.0,65.0,65.0,29.17988091599909,24.294263725169003
map_data_90.npz,0.0,0.0,1.0,1.0,1.0,1.0,27.60897845800173,23.924334559589624
map_data_900.npz,0.0,0.0,1.0,1.0,1.0,1.0,23.89344744200025,23.72588515281677
map_data_901.npz,0.0,0.0,1.0,1.0,1.0,1.0,28.47895016899929,24.225630529224876
map_data_902.npz,0.0,0.0,1.0,1.0,1.0,1.0,28.45086852100212,24.51245461963117
map_data_903.npz,0.0,0.0,1.0,1.0,1.0,1.0,29.120772135998777,24.2451178599149
map_data_904.npz,0.0,0.0,104.0,95.0,17.0,17.0,29.08064488400123,23.91436932887882
map_data_905.npz,0.0,0.0,1.0,1.0,1.0,1.0,24.05251281799974,23.67451813817024
map_data_906.npz,0.0,0.0,32.0,24.0,9.0,9.0,23.796209408999857,24.092213701456785
map_data_907.npz,0.0,0.0,148.0,96.0,49.0,49.0,28.90711564400044,24.40921738557517
map_data_908.npz,0.0,0.0,93.0,111.0,17.0,17.0,28.038983135000308,24.005253822542727
map_data_909.npz,0.0,0.0,116.0,47.0,25.0,25.0,29.036429675001276,24.134100179187957
map_data_91.npz,0.0,0.0,292.0,273.0,49.0,49.0,23.890379655999823,31.32248881924897
map_data_910.npz,0.0,0.0,1.0,1.0,1.0,1.0,24.186631949,23.826387103646997
map_data_911.npz,0.0,0.0,429.0,422.0,89.0,65.0,28.0749985950024,24.36699798610061
map_data_912.npz,0.0,0.0,229.0,162.0,73.0,57.0,29.3585213919996,23.8607586780563
map_data_913.npz,0.0,0.0,118.0,75.0,33.0,33.0,29.468787391999285,24.084112495183945
map_data_914.npz,0.0,0.0,212.0,221.0,25.0,25.0,28.277150633999558,23.82218662183732
map_data_915.npz,0.0,0.0,3.0,4.0,9.0,9.0,23.55926880199968,23.8163136607036
map_data_916.npz,0.0,0.0,1.0,1.0,1.0,1.0,29.750461808998807,24.270983225665987
map_data_917.npz,0.0,0.0,31.0,29.0,9.0,9.0,28.826799447000667,24.45651077106595
map_data_918.npz,0.0,0.0,1.0,1.0,1.0,1.0,29.16956367599778,24.00434441491961
map_data_919.npz,0.0,0.0,1.0,1.0,1.0,1.0,27.920982718998857,24.035232059657574
map_data_92.npz,0.0,0.0,210.0,216.0,41.0,41.0,28.460876146000373,24.25303018093109
map_data_921.npz,0.0,0.0,4.0,2.0,9.0,9.0,24.02201759499985,23.8155198963359
map_data_922.npz,0.0,0.0,29.0,42.0,9.0,17.0,28.57896260800044,23.959703852422532
map_data_923.npz,0.0,0.0,1.0,1.0,1.0,1.0,29.15217391600163,23.96696501877159
map_data_924.npz,0.0,0.0,25.0,132.0,25.0,41.0,28.450933052998156,24.251898353919387
map_data_925.npz,0.0,0.0,47.0,84.0,25.0,25.0,23.437020846999985,29.69760846439749
map_data_926.npz,0.0,0.0,1.0,1.0,1.0,1.0,29.010668261002134,24.015923256985843
map_data_927.npz,0.0,0.0,42.0,17.0,41.0,9.0,28.508995725002023,24.709299094043672
map_data_928.npz,0.0,0.0,3.0,6.0,9.0,17.0,28.475948188002803,24.163902880623937
map_data_929.npz,0.0,0.0,284.0,300.0,41.0,41.0,29.451193156000954,24.124615736305717
map_data_93.npz,0.0,0.0,1.0,1.0,1.0,1.0,28.45862305099945,23.78617613017559
map_data_930.npz,0.0,0.0,1.0,1.0,1.0,1.0,29.084966754999183,24.63430292904377
map_data_931.npz,0.0,0.0,1.0,1.0,1.0,1.0,23.952224007998662,23.74919580668211
map_data_932.npz,0.0,0.0,365.0,322.0,81.0,57.0,24.25523203200009,23.7403784878552
map_data_933.npz,0.0,0.0,1.0,1.0,1.0,1.0,29.09542738599885,24.253970752470195
map_data_934.npz,0.0,0.0,1.0,1.0,1.0,1.0,28.008685057000548,24.341419706121087
map_data_935.npz,1.0,0.0,116.0,239.0,73.0,65.0,18.58421474300121,24.05209057684988
map_data_936.npz,0.0,0.0,5.0,5.0,9.0,9.0,28.526144668998317,25.0433653537184
map_data_937.npz,0.0,0.0,41.0,179.0,25.0,65.0,28.543246838002236,24.37573128379881
map_data_938.npz,0.0,0.0,395.0,371.0,81.0,73.0,24.271990842000378,27.74746813252568
map_data_939.npz,0.0,0.0,1.0,1.0,1.0,1.0,29.177281937998487,24.27011602371931
map_data_94.npz,0.0,0.0,85.0,101.0,25.0,17.0,24.247928196999965,24.00817466992885
map_data_940.npz,0.0,0.0,1.0,1.0,1.0,1.0,27.23012054299943,24.054834991693497
map_data_941.npz,0.0,0.0,1.0,1.0,1.0,1.0,29.019773462998277,24.09035460278392
map_data_942.npz,0.0,0.0,154.0,132.0,33.0,25.0,29.030638988000646,23.95748843532056
map_data_943.npz,0.0,0.0,38.0,28.0,17.0,9.0,23.910922961000324,23.687727014534172
map_data_944.npz,0.0,0.0,136.0,26.0,41.0,9.0,28.081997223000144,24.476499966345727
map_data_945.npz,0.0,0.0,3.0,3.0,9.0,9.0,23.667216239999107,24.52033096086234
map_data_946.npz,0.0,0.0,1.0,1.0,1.0,1.0,28.787922039999103,24.594179898500443
map_data_947.npz,0.0,0.0,181.0,190.0,89.0,57.0,29.33872902000076,24.583857921883464
map_data_948.npz,0.0,0.0,1.0,1.0,1.0,1.0,28.75525699100035,25.11474652402103
map_data_949.npz,0.0,0.0,291.0,224.0,49.0,41.0,27.981060330999757,24.08762295357883
map_data_95.npz,0.0,0.0,168.0,149.0,41.0,49.0,29.1090993359976,23.887875803746283
map_data_950.npz,0.0,0.0,1.0,1.0,1.0,1.0,29.71683543099789,24.777941569685936
map_data_951.npz,0.0,0.0,1.0,1.0,1.0,1.0,29.224182547000964,24.772954412736
map_data_952.npz,0.0,0.0,1.0,1.0,1.0,1.0,29.010078119001264,24.791643952950835
map_data_953.npz,0.0,0.0,168.0,223.0,41.0,41.0,28.97923049000019,24.078344481997192
map_data_954.npz,0.0,0.0,1.0,1.0,1.0,1.0,27.511908857999515,23.866480162367225
map_data_955.npz,0.0,0.0,110.0,28.0,33.0,9.0,23.909675459000027,25.568478733301163
map_data_956.npz,0.0,0.0,1.0,1.0,1.0,1.0,28.511475549999886,24.225175002589825
map_data_958.npz,0.0,0.0,30.0,148.0,33.0,33.0,28.71638528399853,24.18710863962769
map_data_959.npz,0.0,0.0,2.0,1.0,9.0,1.0,28.455140002999546,24.304450562223792
map_data_96.npz,0.0,0.0,3.0,4.0,9.0,9.0,24.0840604240002,29.515064775012437
map_data_960.npz,0.0,0.0,31.0,31.0,9.0,9.0,28.167869404998783,24.04563696682453
map_data_961.npz,0.0,0.0,31.0,26.0,9.0,9.0,28.885339994001697,24.3527348600328
map_data_962.npz,0.0,0.0,1.0,1.0,1.0,1.0,24.232965770999726,24.225956383161247
map_data_963.npz,0.0,1.0,371.0,276.0,65.0,81.0,28.710752002996745,15.919900191016495
map_data_964.npz,0.0,0.0,1.0,1.0,1.0,1.0,28.66812215600112,23.960029486566786
map_data_965.npz,0.0,0.0,1.0,1.0,1.0,1.0,29.490956934998398,24.39714219514281
map_data_966.npz,0.0,0.0,184.0,14.0,41.0,9.0,29.183183459997963,24.61177167389542
map_data_967.npz,0.0,0.0,1.0,1.0,1.0,1.0,24.15700995499992,31.84377858787775
map_data_968.npz,0.0,0.0,147.0,49.0,49.0,25.0,28.91630952799824,24.511363201774657
map_data_97.npz,0.0,0.0,1.0,1.0,1.0,1.0,29.540288050000527,24.27806811593473
map_data_970.npz,0.0,0.0,1.0,1.0,1.0,1.0,24.253259520999563,29.8731005853042
map_data_971.npz,0.0,0.0,1.0,1.0,1.0,1.0,29.47880338899995,24.11566768586636
map_data_972.npz,0.0,0.0,232.0,308.0,49.0,49.0,28.959443924999505,23.89731729961932
map_data_973.npz,0.0,0.0,28.0,22.0,9.0,9.0,24.128488860999823,23.84797215461731
map_data_974.npz,0.0,0.0,34.0,30.0,9.0,9.0,27.295158040000388,24.194303928874437
map_data_975.npz,0.0,0.0,232.0,196.0,73.0,57.0,27.305754858998625,23.736382698640227
map_data_976.npz,0.0,0.0,1.0,1.0,1.0,1.0,29.40257069799918,24.203454398550093
map_data_977.npz,1.0,1.0,63.0,192.0,57.0,57.0,4.033973581997998,13.49461848475039
map_data_978.npz,0.0,0.0,220.0,270.0,65.0,73.0,29.00504410600115,24.546167920343574
map_data_979.npz,0.0,0.0,250.0,76.0,65.0,17.0,29.404687143000046,24.233675967901945
map_data_98.npz,0.0,0.0,299.0,399.0,73.0,89.0,23.569888730999992,29.24672009423375
map_data_980.npz,0.0,0.0,1.0,1.0,1.0,1.0,28.501590334002685,24.25407512113452
map_data_981.npz,0.0,0.0,1.0,1.0,1.0,1.0,24.18628382299994,29.105170574970543
map_data_982.npz,0.0,0.0,1.0,1.0,1.0,1.0,27.451135203000376,24.170157071202997
map_data_983.npz,0.0,0.0,29.0,31.0,9.0,9.0,28.6085187940007,24.453044902533293
map_data_984.npz,0.0,0.0,90.0,27.0,49.0,9.0,24.001922817000377,25.979435517452657
map_data_985.npz,0.0,0.0,169.0,175.0,57.0,49.0,24.164584865000503,23.840003862045705
map_data_986.npz,0.0,0.0,1.0,1.0,1.0,1.0,28.76143755299927,23.76004653051496
map_data_987.npz,0.0,0.0,256.0,282.0,65.0,41.0,28.627890544001275,24.023924531415105
map_data_988.npz,0.0,0.0,1.0,1.0,1.0,1.0,29.3483912720003,23.985878638923168
map_data_989.npz,0.0,0.0,1.0,1.0,1.0,1.0,28.533861998002976,24.0718348454684
map_data_99.npz,0.0,0.0,1.0,1.0,1.0,1.0,28.49067954899874,23.960832273587584
map_data_990.npz,0.0,0.0,38.0,4.0,25.0,9.0,28.67399630300133,23.96908795274794
map_data_991.npz,0.0,0.0,52.0,39.0,49.0,25.0,25.263368911000725,23.574389522895217
map_data_992.npz,0.0,0.0,72.0,39.0,17.0,17.0,26.12911246099975,24.174421937204897
map_data_993.npz,0.0,0.0,1.0,1.0,1.0,1.0,27.997861170999386,24.41744510643184
map_data_994.npz,0.0,0.0,152.0,58.0,57.0,41.0,28.91510559699964,24.335467701777816
map_data_996.npz,0.0,0.0,185.0,247.0,73.0,73.0,27.434786223999254,23.97618163563311
map_data_997.npz,0.0,0.0,224.0,73.0,65.0,25.0,28.830000523001218,24.06338668987155
map_data_998.npz,0.0,0.0,326.0,75.0,81.0,57.0,27.896669436000597,24.542075174860656
map_data_999.npz,0.0,0.0,274.0,329.0,41.0,41.0,27.24107591400025,24.274427355267107
